Date,CAD_Cash,USD_Cash,Total_CAD
2022-05-02,101644.99,0.0,101644.99
2022-05-03,101644.99,0.0,101644.99
2022-05-04,101644.99,0.0,101644.99
2022-05-05,91987.0715887332,0.0,91987.0715887332
2022-05-06,91987.0715887332,0.0,91987.0715887332
2022-05-09,91987.0715887332,0.0,91987.0715887332
2022-05-10,91987.0715887332,0.0,91987.0715887332
2022-05-11,91987.0715887332,0.0,91987.0715887332
2022-05-12,91987.0715887332,0.0,91987.0715887332
2022-05-13,91987.0715887332,0.0,91987.0715887332
2022-05-16,91987.0715887332,0.0,91987.0715887332
2022-05-17,91987.0715887332,0.0,91987.0715887332
2022-05-18,91987.0715887332,0.0,91987.0715887332
2022-05-19,91987.0715887332,0.0,91987.0715887332
2022-05-20,91987.0715887332,0.0,91987.0715887332
2022-05-23,91987.0715887332,0.0,91987.0715887332
2022-05-24,91987.0715887332,0.0,91987.0715887332
2022-05-25,91987.0715887332,0.0,91987.0715887332
2022-05-26,91987.0715887332,0.0,91987.0715887332
2022-05-27,91987.0715887332,0.0,91987.0715887332
2022-05-30,91987.0715887332,0.0,91987.0715887332
2022-05-31,91987.0715887332,0.0,91987.0715887332
2022-06-01,91987.0715887332,0.0,91987.0715887332
2022-06-02,91987.0715887332,0.0,91987.0715887332
2022-06-03,91987.0715887332,7.28,91996.2224027133
2022-06-06,91987.0715887332,7.28,91996.2224027133
2022-06-07,91987.0715887332,7.28,91996.2224027133
2022-06-08,91987.0715887332,7.28,91996.2224027133
2022-06-09,91987.0715887332,7.28,91996.2224027133
2022-06-10,91987.0715887332,7.28,91996.2224027133
2022-06-13,91987.0715887332,7.28,91996.2224027133
2022-06-14,91987.0715887332,7.28,91996.2224027133
2022-06-15,91987.0715887332,7.28,91996.2224027133
2022-06-16,91987.0715887332,7.28,91996.2224027133
2022-06-17,91987.0715887332,7.28,91996.2224027133
2022-06-20,91987.0715887332,7.28,91996.2224027133
2022-06-21,91987.0715887332,7.28,91996.2224027133
2022-06-22,91987.0715887332,7.28,91996.2224027133
2022-06-23,91987.0715887332,7.28,91996.2224027133
2022-06-24,91987.0715887332,7.28,91996.2224027133
2022-06-27,91987.0715887332,7.28,91996.2224027133
2022-06-28,91987.0715887332,7.28,91996.2224027133
2022-06-29,91987.0715887332,7.28,91996.2224027133
2022-06-30,91987.0715887332,7.28,91996.2224027133
2022-07-01,91987.0715887332,7.28,91996.2224027133
2022-07-04,91987.0715887332,7.28,91996.2224027133
2022-07-05,91987.0715887332,7.28,91996.2224027133
2022-07-06,91987.0715887332,7.28,91996.2224027133
2022-07-07,91987.0715887332,9.73,91999.75367111922
2022-07-08,91987.0715887332,9.73,91999.75367111922
2022-07-11,91987.0715887332,9.73,91999.75367111922
2022-07-12,91987.0715887332,9.73,91999.75367111922
2022-07-13,91987.0715887332,9.73,91999.75367111922
2022-07-14,91987.0715887332,9.73,91999.75367111922
2022-07-15,91987.0715887332,9.73,91999.75367111922
2022-07-18,91987.0715887332,9.73,91999.75367111922
2022-07-19,91987.0715887332,9.73,91999.75367111922
2022-07-20,91987.0715887332,9.73,91999.75367111922
2022-07-21,91987.0715887332,9.73,91999.75367111922
2022-07-22,91987.0715887332,9.73,91999.75367111922
2022-07-25,91987.0715887332,9.73,91999.75367111922
2022-07-26,91987.0715887332,9.73,91999.75367111922
2022-07-27,91987.0715887332,9.73,91999.75367111922
2022-07-28,91987.0715887332,9.73,91999.75367111922
2022-07-29,91987.0715887332,9.73,91999.75367111922
2022-08-01,91987.0715887332,9.73,91999.75367111922
2022-08-02,91987.0715887332,9.73,91999.75367111922
2022-08-03,91987.0715887332,9.73,91999.75367111922
2022-08-04,91987.0715887332,9.73,91999.75367111922
2022-08-05,91987.0715887332,9.73,91999.75367111922
2022-08-08,91987.0715887332,9.73,91999.75367111922
2022-08-09,91987.0715887332,9.73,91999.75367111922
2022-08-10,91987.0715887332,9.73,91999.75367111922
2022-08-11,91987.0715887332,17.01,92008.8001630187
2022-08-12,91987.0715887332,17.01,92008.8001630187
2022-08-15,91987.0715887332,17.01,92008.8001630187
2022-08-16,91987.0715887332,17.01,92008.8001630187
2022-08-17,91987.0715887332,17.01,92008.8001630187
2022-08-18,91987.0715887332,17.01,92008.8001630187
2022-08-19,91987.0715887332,17.01,92008.8001630187
2022-08-22,91987.0715887332,17.01,92008.8001630187
2022-08-23,91987.0715887332,17.01,92008.8001630187
2022-08-24,91987.0715887332,17.01,92008.8001630187
2022-08-25,91987.0715887332,17.01,92008.8001630187
2022-08-26,91987.0715887332,17.01,92008.8001630187
2022-08-29,91987.0715887332,17.01,92008.8001630187
2022-08-30,91987.0715887332,17.01,92008.8001630187
2022-08-31,91987.0715887332,17.01,92008.8001630187
2022-09-01,91987.0715887332,17.01,92008.8001630187
2022-09-02,91987.0715887332,17.01,92008.8001630187
2022-09-06,91987.0715887332,17.01,92008.8001630187
2022-09-07,91987.0715887332,17.01,92008.8001630187
2022-09-08,91987.0715887332,17.01,92008.8001630187
2022-09-09,91987.0715887332,17.01,92008.8001630187
2022-09-12,91987.0715887332,17.01,92008.8001630187
2022-09-13,91987.0715887332,17.01,92008.8001630187
2022-09-14,91987.0715887332,17.01,92008.8001630187
2022-09-15,91987.0715887332,17.01,92008.8001630187
2022-09-16,91987.0715887332,17.01,92008.8001630187
2022-09-19,91987.0715887332,17.01,92008.8001630187
2022-09-20,91987.0715887332,17.01,92008.8001630187
2022-09-21,91987.0715887332,17.01,92008.8001630187
2022-09-22,91987.0715887332,17.01,92008.8001630187
2022-09-23,91987.0715887332,17.01,92008.8001630187
2022-09-26,91987.0715887332,17.01,92008.8001630187
2022-09-27,91987.0715887332,17.01,92008.8001630187
2022-09-28,91987.0715887332,17.01,92008.8001630187
2022-09-29,91987.0715887332,17.01,92008.8001630187
2022-09-30,91987.0715887332,17.01,92008.8001630187
2022-10-03,91987.0715887332,17.01,92008.8001630187
2022-10-04,91987.0715887332,17.01,92008.8001630187
2022-10-05,91987.0715887332,17.01,92008.8001630187
2022-10-06,91987.0715887332,19.46,92013.5329066372
2022-10-07,91987.0715887332,19.46,92013.5329066372
2022-10-10,91987.0715887332,19.46,92013.5329066372
2022-10-11,91987.0715887332,19.46,92013.5329066372
2022-10-12,91987.0715887332,19.46,92013.5329066372
2022-10-13,91987.0715887332,19.46,92013.5329066372
2022-10-14,91987.0715887332,19.46,92013.5329066372
2022-10-17,91987.0715887332,19.46,92013.5329066372
2022-10-18,91987.0715887332,19.46,92013.5329066372
2022-10-19,91987.0715887332,19.46,92013.5329066372
2022-10-20,91987.0715887332,19.46,92013.5329066372
2022-10-21,91987.0715887332,19.46,92013.5329066372
2022-10-24,91987.0715887332,19.46,92013.5329066372
2022-10-25,91987.0715887332,19.46,92013.5329066372
2022-10-26,91987.0715887332,19.46,92013.5329066372
2022-10-27,91987.0715887332,19.46,92013.5329066372
2022-10-28,91987.0715887332,19.46,92013.5329066372
2022-10-31,91987.0715887332,19.46,92013.5329066372
2022-11-01,91987.0715887332,19.46,92013.5329066372
2022-11-02,91987.0715887332,19.46,92013.5329066372
2022-11-03,91987.0715887332,19.46,92013.5329066372
2022-11-04,91987.0715887332,19.46,92013.5329066372
2022-11-07,91987.0715887332,19.46,92013.5329066372
2022-11-08,91987.0715887332,19.46,92013.5329066372
2022-11-09,91987.0715887332,26.740000000000002,92022.94436777115
2022-11-10,91987.0715887332,26.740000000000002,92022.94436777115
2022-11-11,91987.0715887332,26.740000000000002,92022.94436777115
2022-11-14,91987.0715887332,26.740000000000002,92022.94436777115
2022-11-15,91987.0715887332,26.740000000000002,92022.94436777115
2022-11-16,91987.0715887332,26.740000000000002,92022.94436777115
2022-11-17,91987.0715887332,26.740000000000002,92022.94436777115
2022-11-18,91987.0715887332,26.740000000000002,92022.94436777115
2022-11-21,91987.0715887332,26.740000000000002,92022.94436777115
2022-11-22,91987.0715887332,26.740000000000002,92022.94436777115
2022-11-23,91987.0715887332,26.740000000000002,92022.94436777115
2022-11-24,91987.0715887332,26.740000000000002,92022.94436777115
2022-11-25,91987.0715887332,26.740000000000002,92022.94436777115
2022-11-28,91987.0715887332,26.740000000000002,92022.94436777115
2022-11-29,91987.0715887332,26.740000000000002,92022.94436777115
2022-11-30,91987.0715887332,26.740000000000002,92022.94436777115
2022-12-01,91987.0715887332,26.740000000000002,92022.94436777115
2022-12-02,91987.0715887332,26.740000000000002,92022.94436777115
2022-12-05,91987.0715887332,26.740000000000002,92022.94436777115
2022-12-06,91987.0715887332,26.740000000000002,92022.94436777115
2022-12-07,91987.0715887332,26.740000000000002,92022.94436777115
2022-12-08,91987.0715887332,26.740000000000002,92022.94436777115
2022-12-09,91987.0715887332,26.740000000000002,92022.94436777115
2022-12-12,91987.0715887332,26.740000000000002,92022.94436777115
2022-12-13,91987.0715887332,26.740000000000002,92022.94436777115
2022-12-14,91987.0715887332,26.740000000000002,92022.94436777115
2022-12-15,91987.0715887332,26.740000000000002,92022.94436777115
2022-12-16,91987.0715887332,26.740000000000002,92022.94436777115
2022-12-19,91987.0715887332,26.740000000000002,92022.94436777115
2022-12-20,91987.0715887332,26.740000000000002,92022.94436777115
2022-12-21,91987.0715887332,26.740000000000002,92022.94436777115
2022-12-22,91987.0715887332,26.740000000000002,92022.94436777115
2022-12-23,91987.0715887332,26.740000000000002,92022.94436777115
2022-12-27,91987.0715887332,26.740000000000002,92022.94436777115
2022-12-28,91987.0715887332,26.740000000000002,92022.94436777115
2022-12-29,91987.0715887332,26.740000000000002,92022.94436777115
2022-12-30,91987.0715887332,26.740000000000002,92022.94436777115
2023-01-03,91987.0715887332,26.740000000000002,92022.94436777115
2023-01-04,91987.0715887332,26.740000000000002,92022.94436777115
2023-01-05,91987.0715887332,26.740000000000002,92022.94436777115
2023-01-06,91987.0715887332,29.590000000000003,92027.19533437848
2023-01-09,91987.0715887332,29.590000000000003,92027.19533437848
2023-01-10,91987.0715887332,29.590000000000003,92027.19533437848
2023-01-11,91987.0715887332,29.590000000000003,92027.19533437848
2023-01-12,91987.0715887332,29.590000000000003,92027.19533437848
2023-01-13,91987.0715887332,29.590000000000003,92027.19533437848
2023-01-16,91987.0715887332,29.590000000000003,92027.19533437848
2023-01-17,91987.0715887332,29.590000000000003,92027.19533437848
2023-01-18,91987.0715887332,29.590000000000003,92027.19533437848
2023-01-19,91987.0715887332,29.590000000000003,92027.19533437848
2023-01-20,91987.0715887332,29.590000000000003,92027.19533437848
2023-01-23,91987.0715887332,29.590000000000003,92027.19533437848
2023-01-24,91987.0715887332,29.590000000000003,92027.19533437848
2023-01-25,91987.0715887332,29.590000000000003,92027.19533437848
2023-01-26,91987.0715887332,29.590000000000003,92027.19533437848
2023-01-27,91987.0715887332,29.590000000000003,92027.19533437848
2023-01-30,91987.0715887332,29.590000000000003,92027.19533437848
2023-01-31,91987.0715887332,29.590000000000003,92027.19533437848
2023-02-01,91987.0715887332,29.590000000000003,92027.19533437848
2023-02-02,91987.0715887332,29.590000000000003,92027.19533437848
2023-02-03,91987.0715887332,29.590000000000003,92027.19533437848
2023-02-06,91987.0715887332,29.590000000000003,92027.19533437848
2023-02-07,91987.0715887332,29.590000000000003,92027.19533437848
2023-02-08,91987.0715887332,29.590000000000003,92027.19533437848
2023-02-09,91987.0715887332,29.590000000000003,92027.19533437848
2023-02-10,91987.0715887332,29.590000000000003,92027.19533437848
2023-02-13,91987.0715887332,29.590000000000003,92027.19533437848
2023-02-14,91987.0715887332,29.590000000000003,92027.19533437848
2023-02-15,91987.0715887332,29.590000000000003,92027.19533437848
2023-02-16,91987.0715887332,29.590000000000003,92027.19533437848
2023-02-17,91987.0715887332,29.590000000000003,92027.19533437848
2023-02-21,91987.0715887332,29.590000000000003,92027.19533437848
2023-02-22,91987.0715887332,29.590000000000003,92027.19533437848
2023-02-23,91987.0715887332,29.590000000000003,92027.19533437848
2023-02-24,91987.0715887332,29.590000000000003,92027.19533437848
2023-02-27,91987.0715887332,29.590000000000003,92027.19533437848
2023-02-28,91987.0715887332,29.590000000000003,92027.19533437848
2023-03-01,91987.0715887332,29.590000000000003,92027.19533437848
2023-03-02,91987.0715887332,29.590000000000003,92027.19533437848
2023-03-03,91987.0715887332,29.590000000000003,92027.19533437848
2023-03-06,91987.0715887332,29.590000000000003,92027.19533437848
2023-03-07,91987.0715887332,29.590000000000003,92027.19533437848
2023-03-08,91987.0715887332,37.99,92039.3002394724
2023-03-09,91987.0715887332,37.99,92039.3002394724
2023-03-10,91987.0715887332,37.99,92039.3002394724
2023-03-13,91987.0715887332,37.99,92039.3002394724
2023-03-14,91987.0715887332,37.99,92039.3002394724
2023-03-15,91987.0715887332,37.99,92039.3002394724
2023-03-16,91987.0715887332,37.99,92039.3002394724
2023-03-17,91987.0715887332,37.99,92039.3002394724
2023-03-20,91987.0715887332,37.99,92039.3002394724
2023-03-21,91987.0715887332,37.99,92039.3002394724
2023-03-22,91987.0715887332,37.99,92039.3002394724
2023-03-23,91987.0715887332,37.99,92039.3002394724
2023-03-24,91987.0715887332,37.99,92039.3002394724
2023-03-27,91987.0715887332,37.99,92039.3002394724
2023-03-28,91987.0715887332,37.99,92039.3002394724
2023-03-29,91987.0715887332,37.99,92039.3002394724
2023-03-30,91987.0715887332,37.99,92039.3002394724
2023-03-31,91987.0715887332,37.99,92039.3002394724
2023-04-03,91987.0715887332,37.99,92039.3002394724
2023-04-04,91987.0715887332,37.99,92039.3002394724
2023-04-05,91987.0715887332,40.84,92041.9523786378
2023-04-06,91987.0715887332,40.84,92041.9523786378
2023-04-10,91987.0715887332,40.84,92041.9523786378
2023-04-11,91987.0715887332,40.84,92041.9523786378
2023-04-12,91987.0715887332,40.84,92041.9523786378
2023-04-13,91987.0715887332,40.84,92041.9523786378
2023-04-14,91987.0715887332,40.84,92041.9523786378
2023-04-17,91987.0715887332,40.84,92041.9523786378
2023-04-18,91987.0715887332,40.84,92041.9523786378
2023-04-19,91987.0715887332,40.84,92041.9523786378
2023-04-20,91987.0715887332,40.84,92041.9523786378
2023-04-21,91987.0715887332,40.84,92041.9523786378
2023-04-24,91987.0715887332,40.84,92041.9523786378
2023-04-25,91987.0715887332,40.84,92041.9523786378
2023-04-26,91987.0715887332,40.84,92041.9523786378
2023-04-27,1333.8756707930734,0.0,1333.8756707930734
2023-04-28,1333.8756707930734,0.0,1333.8756707930734
2023-05-01,1333.8756707930734,38.595,1386.2070150655677
2023-05-02,1333.8756707930734,38.595,1386.2070150655677
2023-05-03,1333.8756707930734,38.595,1386.2070150655677
2023-05-04,1333.8756707930734,38.595,1386.2070150655677
2023-05-05,1333.8756707930734,38.595,1386.2070150655677
2023-05-08,1333.8756707930734,38.595,1386.2070150655677
2023-05-09,1333.8756707930734,38.595,1386.2070150655677
2023-05-10,1333.8756707930734,38.595,1386.2070150655677
2023-05-11,1333.8756707930734,45.644999999999996,1394.9126239437035
2023-05-12,1333.8756707930734,46.605,1396.7597985464504
2023-05-15,1333.8756707930734,46.605,1396.7597985464504
2023-05-16,1333.8756707930734,46.605,1396.7597985464504
2023-05-17,1333.8756707930734,46.605,1396.7597985464504
2023-05-18,1333.8756707930734,46.605,1396.7597985464504
2023-05-19,1333.8756707930734,59.504999999999995,1414.193731662648
2023-05-22,1333.8756707930734,59.504999999999995,1414.193731662648
2023-05-23,1333.8756707930734,59.504999999999995,1414.193731662648
2023-05-24,1546.9146707930734,59.504999999999995,1627.2428470632005
2023-05-25,1546.9146707930734,59.504999999999995,1627.2428470632005
2023-05-26,1546.9146707930734,59.504999999999995,1627.2428470632005
2023-05-29,1546.9146707930734,59.504999999999995,1627.2428470632005
2023-05-30,1546.9146707930734,59.504999999999995,1627.2428470632005
2023-05-31,1546.9146707930734,59.504999999999995,1627.2428470632005
2023-06-01,1546.9146707930734,99.495,1681.8895923855473
2023-06-02,1546.9146707930734,99.495,1681.8895923855473
2023-06-05,1546.9146707930734,107.89500000000001,1691.7993074610401
2023-06-06,1546.9146707930734,107.89500000000001,1691.7993074610401
2023-06-07,1546.9146707930734,107.89500000000001,1691.7993074610401
2023-06-08,1546.9146707930734,107.89500000000001,1691.7993074610401
2023-06-09,1546.9146707930734,107.89500000000001,1691.7993074610401
2023-06-12,1546.9146707930734,107.89500000000001,1691.7993074610401
2023-06-13,1546.9146707930734,107.89500000000001,1691.7993074610401
2023-06-14,1549.1446707930734,107.89500000000001,1692.8036278095415
2023-06-15,1549.1446707930734,107.89500000000001,1692.8036278095415
2023-06-16,1549.1446707930734,165.22500000000002,1767.6035211947133
2023-06-19,1549.1446707930734,165.22500000000002,1767.6035211947133
2023-06-20,1549.1446707930734,165.22500000000002,1767.6035211947133
2023-06-21,1549.1446707930734,165.22500000000002,1767.6035211947133
2023-06-22,1549.1446707930734,165.22500000000002,1767.6035211947133
2023-06-23,1549.1446707930734,165.22500000000002,1767.6035211947133
2023-06-26,1601.7556707930735,165.22500000000002,1819.2694309991768
2023-06-27,1601.7556707930735,165.22500000000002,1819.2694309991768
2023-06-28,1601.7556707930735,165.22500000000002,1819.2694309991768
2023-06-29,1601.7556707930735,165.22500000000002,1819.2694309991768
2023-06-30,1601.7556707930735,165.22500000000002,1819.2694309991768
2023-07-03,1601.7556707930735,204.75000000000003,1873.0494305563143
2023-07-04,1601.7556707930735,204.75000000000003,1873.0494305563143
2023-07-05,1601.7556707930735,204.75000000000003,1873.0494305563143
2023-07-06,1601.7556707930735,207.60000000000002,1877.570962150114
2023-07-07,1601.7556707930735,207.60000000000002,1877.570962150114
2023-07-10,1601.7556707930735,207.60000000000002,1877.570962150114
2023-07-11,1601.7556707930735,207.60000000000002,1877.570962150114
2023-07-12,1601.7556707930735,207.60000000000002,1877.570962150114
2023-07-13,1601.7556707930735,207.60000000000002,1877.570962150114
2023-07-14,1601.7556707930735,207.60000000000002,1877.570962150114
2023-07-17,1601.7556707930735,207.60000000000002,1877.570962150114
2023-07-18,1601.7556707930735,207.60000000000002,1877.570962150114
2023-07-19,1601.7556707930735,207.60000000000002,1877.570962150114
2023-07-20,1601.7556707930735,207.60000000000002,1877.570962150114
2023-07-21,1601.7556707930735,207.60000000000002,1877.570962150114
2023-07-24,1601.7556707930735,207.60000000000002,1877.570962150114
2023-07-25,1654.3666707930736,207.60000000000002,1927.87135452606
2023-07-26,1654.3666707930736,207.60000000000002,1927.87135452606
2023-07-27,1654.3666707930736,207.60000000000002,1927.87135452606
2023-07-28,1654.3666707930736,207.60000000000002,1927.87135452606
2023-07-31,1654.3666707930736,207.60000000000002,1927.87135452606
2023-08-01,1654.3666707930736,248.675,1982.418740468996
2023-08-02,1654.3666707930736,248.675,1982.418740468996
2023-08-03,1654.3666707930736,248.675,1982.418740468996
2023-08-04,1654.3666707930736,248.675,1982.418740468996
2023-08-07,1654.3666707930736,248.675,1982.418740468996
2023-08-08,1654.3666707930736,248.675,1982.418740468996
2023-08-09,1654.3666707930736,248.675,1982.418740468996
2023-08-10,1654.3666707930736,248.675,1982.418740468996
2023-08-11,1654.3666707930736,266.205,2012.2739792261295
2023-08-14,1654.3666707930736,266.205,2012.2739792261295
2023-08-15,1654.3666707930736,266.205,2012.2739792261295
2023-08-16,1654.3666707930736,266.205,2012.2739792261295
2023-08-17,1654.3666707930736,279.10499999999996,2032.179941590207
2023-08-18,1654.3666707930736,279.10499999999996,2032.179941590207
2023-08-21,1654.3666707930736,279.10499999999996,2032.179941590207
2023-08-22,1654.3666707930736,279.10499999999996,2032.179941590207
2023-08-23,1654.3666707930736,279.10499999999996,2032.179941590207
2023-08-24,1654.3666707930736,279.10499999999996,2032.179941590207
2023-08-25,1862.0686707930736,279.10499999999996,2241.2830549400023
2023-08-28,1862.0686707930736,279.10499999999996,2241.2830549400023
2023-08-29,1862.0686707930736,279.10499999999996,2241.2830549400023
2023-08-30,1862.0686707930736,279.10499999999996,2241.2830549400023
2023-08-31,1864.3186707930736,279.10499999999996,2242.0956752096586
2023-09-01,1864.3186707930736,319.405,2295.8252531712224
2023-09-05,1864.3186707930736,319.405,2295.8252531712224
2023-09-06,1864.3186707930736,319.405,2295.8252531712224
2023-09-07,1864.3186707930736,319.405,2295.8252531712224
2023-09-08,1864.3186707930736,319.405,2295.8252531712224
2023-09-11,1864.3186707930736,319.405,2295.8252531712224
2023-09-12,1864.3186707930736,319.405,2295.8252531712224
2023-09-13,1864.3186707930736,319.405,2295.8252531712224
2023-09-14,1866.5486707930736,319.405,2299.4222973476817
2023-09-15,1866.5486707930736,374.80999999999995,2373.0968922810725
2023-09-18,1866.5486707930736,374.80999999999995,2373.0968922810725
2023-09-19,1866.5486707930736,374.80999999999995,2373.0968922810725
2023-09-20,1866.5486707930736,374.80999999999995,2373.0968922810725
2023-09-21,1866.5486707930736,374.80999999999995,2373.0968922810725
2023-09-22,1866.5486707930736,374.80999999999995,2373.0968922810725
2023-09-25,1919.9006707930737,374.80999999999995,2425.0321077215845
2023-09-26,1919.9006707930737,374.80999999999995,2425.0321077215845
2023-09-27,1919.9006707930737,374.80999999999995,2425.0321077215845
2023-09-28,1919.9006707930737,374.80999999999995,2425.0321077215845
2023-09-29,1919.9006707930737,374.80999999999995,2425.0321077215845
2023-10-02,1919.9006707930737,414.6449999999999,2482.727362304347
2023-10-03,1919.9006707930737,414.6449999999999,2482.727362304347
2023-10-04,1919.9006707930737,414.6449999999999,2482.727362304347
2023-10-05,1919.9006707930737,417.49499999999995,2493.7141682344845
2023-10-06,1919.9006707930737,417.49499999999995,2493.7141682344845
2023-10-09,1919.9006707930737,417.49499999999995,2493.7141682344845
2023-10-10,1919.9006707930737,417.49499999999995,2493.7141682344845
2023-10-11,1919.9006707930737,417.49499999999995,2493.7141682344845
2023-10-12,1919.9006707930737,417.49499999999995,2493.7141682344845
2023-10-13,1919.9006707930737,417.49499999999995,2493.7141682344845
2023-10-16,1919.9006707930737,417.49499999999995,2493.7141682344845
2023-10-17,1919.9006707930737,417.49499999999995,2493.7141682344845
2023-10-18,1919.9006707930737,417.49499999999995,2493.7141682344845
2023-10-19,1919.9006707930737,417.49499999999995,2493.7141682344845
2023-10-20,1919.9006707930737,417.49499999999995,2493.7141682344845
2023-10-23,1919.9006707930737,417.49499999999995,2493.7141682344845
2023-10-24,1919.9006707930737,417.49499999999995,2493.7141682344845
2023-10-25,1973.9936707930738,417.49499999999995,2547.698621429699
2023-10-26,1973.9936707930738,417.49499999999995,2547.698621429699
2023-10-27,1973.9936707930738,417.49499999999995,2547.698621429699
2023-10-30,1973.9936707930738,417.49499999999995,2547.698621429699
2023-10-31,1973.9936707930738,417.49499999999995,2547.698621429699
2023-11-01,1973.9936707930738,460.42999999999995,2612.913976817625
2023-11-02,1973.9936707930738,460.42999999999995,2612.913976817625
2023-11-03,1973.9936707930738,460.42999999999995,2612.913976817625
2023-11-06,1973.9936707930738,460.42999999999995,2612.913976817625
2023-11-07,1973.9936707930738,460.42999999999995,2612.913976817625
2023-11-08,1973.9936707930738,469.94999999999993,2621.0443325059587
2023-11-09,1973.9936707930738,469.94999999999993,2621.0443325059587
2023-11-10,1973.9936707930738,470.9099999999999,2624.1791041104966
2023-11-13,1973.9936707930738,470.9099999999999,2624.1791041104966
2023-11-14,1973.9936707930738,470.9099999999999,2624.1791041104966
2023-11-15,1973.9936707930738,470.9099999999999,2624.1791041104966
2023-11-16,1973.9936707930738,490.8599999999999,2645.657050757902
2023-11-17,1973.9936707930738,490.8599999999999,2645.657050757902
2023-11-20,1973.9936707930738,490.8599999999999,2645.657050757902
2023-11-21,2186.846670793074,490.8599999999999,2860.50787234165
2023-11-22,2186.846670793074,490.8599999999999,2860.50787234165
2023-11-23,2186.846670793074,490.8599999999999,2860.50787234165
2023-11-24,2186.846670793074,490.8599999999999,2860.50787234165
2023-11-27,2186.846670793074,490.8599999999999,2860.50787234165
2023-11-28,2186.846670793074,490.8599999999999,2860.50787234165
2023-11-29,2186.846670793074,490.8599999999999,2860.50787234165
2023-11-30,2186.846670793074,490.8599999999999,2860.50787234165
2023-12-01,2186.846670793074,533.3299999999999,2909.855457623976
2023-12-04,2186.846670793074,533.3299999999999,2909.855457623976
2023-12-05,2186.846670793074,533.3299999999999,2909.855457623976
2023-12-06,2186.846670793074,533.3299999999999,2909.855457623976
2023-12-07,2186.846670793074,533.3299999999999,2909.855457623976
2023-12-08,2186.846670793074,533.3299999999999,2909.855457623976
2023-12-11,2186.846670793074,533.3299999999999,2909.855457623976
2023-12-12,2186.846670793074,533.3299999999999,2909.855457623976
2023-12-13,2186.846670793074,533.3299999999999,2909.855457623976
2023-12-14,2189.076670793074,577.04,2968.5481026015455
2023-12-15,2189.076670793074,643.75,3052.152315315979
2023-12-18,2189.076670793074,643.75,3052.152315315979
2023-12-19,2189.076670793074,643.75,3052.152315315979
2023-12-20,2189.076670793074,643.75,3052.152315315979
2023-12-21,2189.076670793074,643.75,3052.152315315979
2023-12-22,2189.076670793074,643.75,3052.152315315979
2023-12-26,2189.076670793074,643.75,3052.152315315979
2023-12-27,-7316.626628223879,3806.4000000000005,-2294.0057130017103
2023-12-28,3609.5579999999995,-4634.008204486274,-2508.2594760022007
2023-12-29,3609.5579999999995,-4634.008204486274,-2508.2594760022007
2024-01-02,3609.5579999999995,-4634.008204486274,-2508.2594760022007
2024-01-03,3609.5579999999995,-4634.008204486274,-2508.2594760022007
2024-01-04,3609.5579999999995,-4634.008204486274,-2508.2594760022007
2024-01-05,3609.5579999999995,-4634.008204486274,-2508.2594760022007
2024-01-08,3609.5579999999995,-4630.708204486274,-2576.975814297239
2024-01-09,3609.5579999999995,-4630.708204486274,-2576.975814297239
2024-01-10,3609.5579999999995,-4630.708204486274,-2576.975814297239
2024-01-11,3609.5579999999995,-4630.708204486274,-2576.975814297239
2024-01-12,3609.5579999999995,-4630.708204486274,-2576.975814297239
2024-01-15,3609.5579999999995,-4630.708204486274,-2576.975814297239
2024-01-16,3609.5579999999995,-4630.708204486274,-2576.975814297239
2024-01-17,3609.5579999999995,-4630.708204486274,-2576.975814297239
2024-01-18,3609.5579999999995,-4630.708204486274,-2576.975814297239
2024-01-19,3609.5579999999995,-4630.708204486274,-2576.975814297239
2024-01-22,3609.5579999999995,-4630.708204486274,-2576.975814297239
2024-01-23,3609.5579999999995,-4630.708204486274,-2576.975814297239
2024-01-24,3609.5579999999995,-4630.708204486274,-2576.975814297239
2024-01-25,3664.3919999999994,-4630.708204486274,-2598.8261497944045
2024-01-26,3664.3919999999994,-4630.708204486274,-2598.8261497944045
2024-01-29,3664.3919999999994,-4630.708204486274,-2598.8261497944045
2024-01-30,3669.8489999999993,-4630.708204486274,-2540.5791486887365
2024-01-31,3669.8489999999993,-4630.708204486274,-2540.5791486887365
2024-02-01,3669.8489999999993,-4565.460204486274,-2464.074906219652
2024-02-02,3669.8489999999993,-4565.460204486274,-2464.074906219652
2024-02-05,3669.8489999999993,-4565.460204486274,-2464.074906219652
2024-02-06,3669.8489999999993,-4565.460204486274,-2464.074906219652
2024-02-07,3669.8489999999993,-4565.460204486274,-2464.074906219652
2024-02-08,3669.8489999999993,-4565.460204486274,-2464.074906219652
2024-02-09,3669.8489999999993,-4564.500204486274,-2473.968074998382
2024-02-12,3669.8489999999993,-4564.500204486274,-2473.968074998382
2024-02-13,3669.8489999999993,-4564.500204486274,-2473.968074998382
2024-02-14,3669.8489999999993,-4564.500204486274,-2473.968074998382
2024-02-15,3669.8489999999993,-4564.500204486274,-2473.968074998382
2024-02-16,3669.8489999999993,-4551.600204486274,-2459.0170441609826
2024-02-20,3669.8489999999993,-4551.600204486274,-2459.0170441609826
2024-02-21,3669.8489999999993,-4513.725204486274,-2433.5651641481136
2024-02-22,3669.8489999999993,-4513.725204486274,-2433.5651641481136
2024-02-23,3857.249999999999,-4513.725204486274,-2227.8835030304153
2024-02-26,3857.249999999999,-4513.725204486274,-2227.8835030304153
2024-02-27,3857.249999999999,-4513.725204486274,-2227.8835030304153
2024-02-28,3862.706999999999,-4513.725204486274,-2245.130703179391
2024-02-29,3862.706999999999,-4513.725204486274,-2245.130703179391
2024-03-01,3862.706999999999,-4450.109204486274,-2177.737815263358
2024-03-04,3864.956999999999,-4450.109204486274,-2166.008942098017
2024-03-05,3864.956999999999,-4450.109204486274,-2166.008942098017
2024-03-06,3864.956999999999,-4450.109204486274,-2166.008942098017
2024-03-07,3864.956999999999,-4415.1142044862745,-2101.0541962728453
2024-03-08,3864.956999999999,-4415.1142044862745,-2101.0541962728453
2024-03-11,3864.956999999999,-4415.1142044862745,-2101.0541962728453
2024-03-12,3864.956999999999,-4415.1142044862745,-2101.0541962728453
2024-03-13,3864.956999999999,-4415.1142044862745,-2101.0541962728453
2024-03-14,3876.478999999999,-4415.1142044862745,-2069.046140638678
2024-03-15,3876.478999999999,-4375.2392044862745,-2046.5886549661695
2024-03-18,3876.478999999999,-4375.2392044862745,-2046.5886549661695
2024-03-19,3876.478999999999,-4375.2392044862745,-2046.5886549661695
2024-03-20,3876.478999999999,-4375.2392044862745,-2046.5886549661695
2024-03-21,3876.478999999999,-4375.2392044862745,-2046.5886549661695
2024-03-22,3932.0539999999987,-4375.2392044862745,-1986.332050211308
2024-03-25,3932.0539999999987,-4375.2392044862745,-1986.332050211308
2024-03-26,3932.0539999999987,-4375.2392044862745,-1986.332050211308
2024-03-27,3937.5109999999986,-4375.2392044862745,-2004.501611462474
2024-03-28,3937.5109999999986,-4375.2392044862745,-2004.501611462474
2024-04-01,3937.5109999999986,-4309.319204486274,-1889.5074113900882
2024-04-02,3937.5109999999986,-4309.319204486274,-1889.5074113900882
2024-04-03,3937.5109999999986,-4309.319204486274,-1889.5074113900882
2024-04-04,3937.5109999999986,-4309.319204486274,-1889.5074113900882
2024-04-05,3937.5109999999986,-4309.319204486274,-1889.5074113900882
2024-04-08,3937.5109999999986,-4306.019204486274,-1920.4404785480892
2024-04-09,3937.5109999999986,-4306.019204486274,-1920.4404785480892
2024-04-10,3937.5109999999986,-4306.019204486274,-1920.4404785480892
2024-04-11,3937.5109999999986,-4306.019204486274,-1920.4404785480892
2024-04-12,3937.5109999999986,-4306.019204486274,-1920.4404785480892
2024-04-15,3937.5109999999986,-4306.019204486274,-1920.4404785480892
2024-04-16,3937.5109999999986,-4306.019204486274,-1920.4404785480892
2024-04-17,3937.5109999999986,-4306.019204486274,-1920.4404785480892
2024-04-18,3937.5109999999986,-4306.019204486274,-1920.4404785480892
2024-04-19,3937.5109999999986,-4306.019204486274,-1920.4404785480892
2024-04-22,3937.5109999999986,-4306.019204486274,-1920.4404785480892
2024-04-23,3937.5109999999986,-4306.019204486274,-1920.4404785480892
2024-04-24,3993.8269999999984,-4306.019204486274,-1888.4536743116578
2024-04-25,3993.8269999999984,-4306.019204486274,-1888.4536743116578
2024-04-26,3993.8269999999984,-4306.019204486274,-1888.4536743116578
2024-04-29,3999.2839999999983,-4306.019204486274,-1880.9726634479616
2024-04-30,3999.2839999999983,-4306.019204486274,-1880.9726634479616
2024-05-01,3999.2839999999983,-4238.979204486274,-1840.757527934053
2024-05-02,3999.2839999999983,-4238.979204486274,-1840.757527934053
2024-05-03,3999.2839999999983,-4238.979204486274,-1840.757527934053
2024-05-06,3999.2839999999983,-4238.979204486274,-1840.757527934053
2024-05-07,3999.2839999999983,-4238.979204486274,-1840.757527934053
2024-05-08,3999.2839999999983,-4238.979204486274,-1840.757527934053
2024-05-09,3999.2839999999983,-4238.979204486274,-1840.757527934053
2024-05-10,3999.2839999999983,-4237.979204486274,-1797.3390698893659
2024-05-13,3999.2839999999983,-4237.979204486274,-1797.3390698893659
2024-05-14,3999.2839999999983,-4237.979204486274,-1797.3390698893659
2024-05-15,3999.2839999999983,-4237.979204486274,-1797.3390698893659
2024-05-16,3999.2839999999983,-4224.089204486274,-1744.2099414833078
2024-05-17,3999.2839999999983,-4224.089204486274,-1744.2099414833078
2024-05-20,3999.2839999999983,-4224.089204486274,-1744.2099414833078
2024-05-21,3999.2839999999983,-4224.089204486274,-1744.2099414833078
2024-05-22,4190.020999999998,-4224.089204486274,-1571.7634125810828
2024-05-23,4190.020999999998,-4186.214204486274,-1540.4873793949655
2024-05-24,4190.020999999998,-4186.214204486274,-1540.4873793949655
2024-05-27,4190.020999999998,-4186.214204486274,-1540.4873793949655
2024-05-28,4190.020999999998,-4186.214204486274,-1540.4873793949655
2024-05-29,4190.020999999998,-4177.389204486274,-1510.4440710033914
2024-05-30,4190.020999999998,-4177.389204486274,-1510.4440710033914
2024-05-31,4195.477999999998,-4177.389204486274,-1520.568977823733
2024-06-03,4195.477999999998,-4109.037204486274,-1400.578507406477
2024-06-04,4195.477999999998,-4109.037204486274,-1400.578507406477
2024-06-05,4195.477999999998,-4109.037204486274,-1400.578507406477
2024-06-06,4195.477999999998,-4099.517204486274,-1416.7608809191224
2024-06-07,4195.477999999998,-4099.517204486274,-1416.7608809191224
2024-06-10,4195.477999999998,-4099.517204486274,-1416.7608809191224
2024-06-11,4195.477999999998,-4099.517204486274,-1416.7608809191224
2024-06-12,4195.477999999998,-4099.517204486274,-1416.7608809191224
2024-06-13,4195.477999999998,-4099.517204486274,-1416.7608809191224
2024-06-14,4198.042999999998,-4082.8672044862737,-1412.2247026428622
2024-06-17,4198.042999999998,-4082.8672044862737,-1412.2247026428622
2024-06-18,4198.042999999998,-4082.8672044862737,-1412.2247026428622
2024-06-19,4198.042999999998,-4082.8672044862737,-1412.2247026428622
2024-06-20,4198.042999999998,-4082.8672044862737,-1412.2247026428622
2024-06-21,4198.042999999998,-4038.892204486274,-1329.0596274142335
2024-06-24,4198.042999999998,-4038.892204486274,-1329.0596274142335
2024-06-25,4255.099999999998,-4038.892204486274,-1261.1786223291165
2024-06-26,4265.150999999998,-4038.892204486274,-1252.4198971233182
2024-06-27,4265.150999999998,-4038.892204486274,-1252.4198971233182
2024-06-28,4270.607999999998,-4038.892204486274,-1262.391714478088
2024-07-01,4270.607999999998,-3970.316204486274,-1157.8862084343073
2024-07-02,4270.607999999998,-3970.316204486274,-1157.8862084343073
2024-07-03,4270.607999999998,-3970.316204486274,-1157.8862084343073
2024-07-04,4270.607999999998,-3970.316204486274,-1157.8862084343073
2024-07-05,4270.607999999998,-3970.316204486274,-1157.8862084343073
2024-07-08,4270.607999999998,-3970.316204486274,-1157.8862084343073
2024-07-09,4270.607999999998,-3967.0162044862736,-1136.2366065177102
2024-07-10,4270.607999999998,-3967.0162044862736,-1136.2366065177102
2024-07-11,4270.607999999998,-3967.0162044862736,-1136.2366065177102
2024-07-12,4270.607999999998,-3967.0162044862736,-1136.2366065177102
2024-07-15,4270.607999999998,-3967.0162044862736,-1136.2366065177102
2024-07-16,4270.607999999998,-3967.0162044862736,-1136.2366065177102
2024-07-17,4270.607999999998,-3967.0162044862736,-1136.2366065177102
2024-07-18,4270.607999999998,-3967.0162044862736,-1136.2366065177102
2024-07-19,4270.607999999998,-3967.0162044862736,-1136.2366065177102
2024-07-22,4270.607999999998,-3967.0162044862736,-1136.2366065177102
2024-07-23,4270.607999999998,-3967.0162044862736,-1136.2366065177102
2024-07-24,4270.607999999998,-3967.0162044862736,-1136.2366065177102
2024-07-25,4270.607999999998,-3967.0162044862736,-1136.2366065177102
2024-07-26,4328.405999999998,-3967.0162044862736,-1153.7326781936654
2024-07-29,4328.405999999998,-3967.0162044862736,-1153.7326781936654
2024-07-30,4328.405999999998,-3967.0162044862736,-1153.7326781936654
2024-07-31,4333.8629999999985,-3967.0162044862736,-1160.2959821446457
2024-08-01,4333.8629999999985,-3897.5122044862733,-1047.9389703052047
2024-08-02,4333.8629999999985,-3897.5122044862733,-1047.9389703052047
2024-08-05,4333.8629999999985,-3897.5122044862733,-1047.9389703052047
2024-08-06,4333.8629999999985,-3897.5122044862733,-1047.9389703052047
2024-08-07,4333.8629999999985,-3897.5122044862733,-1047.9389703052047
2024-08-08,4333.8629999999985,-3897.5122044862733,-1047.9389703052047
2024-08-09,4333.8629999999985,-3887.9922044862733,-1006.4499829641645
2024-08-12,4333.8629999999985,-3878.1672044862735,-993.1486614139958
2024-08-13,4333.8629999999985,-3878.1672044862735,-993.1486614139958
2024-08-14,4333.8629999999985,-3878.1672044862735,-993.1486614139958
2024-08-15,4333.8629999999985,-3878.1672044862735,-993.1486614139958
2024-08-16,4333.8629999999985,-3864.2772044862736,-973.1808876370524
2024-08-19,4333.8629999999985,-3864.2772044862736,-973.1808876370524
2024-08-20,4333.8629999999985,-3864.2772044862736,-973.1808876370524
2024-08-21,4333.8629999999985,-3864.2772044862736,-973.1808876370524
2024-08-22,4333.8629999999985,-3864.2772044862736,-973.1808876370524
2024-08-23,4333.8629999999985,-3818.827204486274,-861.0403962916489
2024-08-26,4333.8629999999985,-3818.827204486274,-861.0403962916489
2024-08-27,4529.714999999998,-3818.827204486274,-618.8659381000998
2024-08-28,4529.714999999998,-3818.827204486274,-618.8659381000998
2024-08-29,4529.714999999998,-3818.827204486274,-618.8659381000998
2024-08-30,4535.171999999999,-3818.827204486274,-616.0821054891039
2024-09-03,4537.421999999999,-3749.195204486274,-522.9792988431936
2024-09-04,4537.421999999999,-3749.195204486274,-522.9792988431936
2024-09-05,4537.421999999999,-3749.195204486274,-522.9792988431936
2024-09-06,4537.421999999999,-3732.545204486274,-501.5514911884957
2024-09-09,4537.421999999999,-3732.545204486274,-501.5514911884957
2024-09-10,4537.421999999999,-3732.545204486274,-501.5514911884957
2024-09-11,4537.421999999999,-3732.545204486274,-501.5514911884957
2024-09-12,4537.421999999999,-3732.545204486274,-501.5514911884957
2024-09-13,4539.986999999998,-3732.545204486274,-527.2415190822876
2024-09-16,4539.986999999998,-3732.545204486274,-527.2415190822876
2024-09-17,4539.986999999998,-3732.545204486274,-527.2415190822876
2024-09-18,4539.986999999998,-3732.545204486274,-527.2415190822876
2024-09-19,4539.986999999998,-3732.545204486274,-527.2415190822876
2024-09-20,4539.986999999998,-3688.895204486274,-463.1507353310262
2024-09-23,4539.986999999998,-3688.895204486274,-463.1507353310262
2024-09-24,4597.784999999998,-3688.895204486274,-393.10568177399455
2024-09-25,4597.784999999998,-3688.895204486274,-393.10568177399455
2024-09-26,4607.697999999998,-3688.895204486274,-365.74425839748164
2024-09-27,4613.154999999998,-3688.895204486274,-357.8892985035318
2024-09-30,4613.154999999998,-3688.895204486274,-357.8892985035318
2024-10-01,4613.154999999998,-3620.0632044862737,-283.77697834364517
2024-10-02,4613.154999999998,-3620.0632044862737,-283.77697834364517
2024-10-03,4613.154999999998,-3620.0632044862737,-283.77697834364517
2024-10-04,4613.154999999998,-3620.0632044862737,-283.77697834364517
2024-10-07,4613.154999999998,-3620.0632044862737,-283.77697834364517
2024-10-08,4613.154999999998,-3620.0632044862737,-283.77697834364517
2024-10-09,4613.154999999998,-3616.7632044862735,-324.45028128945796
2024-10-10,4613.154999999998,-3616.7632044862735,-324.45028128945796
2024-10-11,4613.154999999998,-3616.7632044862735,-324.45028128945796
2024-10-14,4613.154999999998,-3616.7632044862735,-324.45028128945796
2024-10-15,4613.154999999998,-3616.7632044862735,-324.45028128945796
2024-10-16,4613.154999999998,-3616.7632044862735,-324.45028128945796
2024-10-17,4613.154999999998,-3616.7632044862735,-324.45028128945796
2024-10-18,4613.154999999998,-3616.7632044862735,-324.45028128945796
2024-10-21,4613.154999999998,-3616.7632044862735,-324.45028128945796
2024-10-22,4613.154999999998,-3616.7632044862735,-324.45028128945796
2024-10-23,4613.154999999998,-3616.7632044862735,-324.45028128945796
2024-10-24,4613.154999999998,-3616.7632044862735,-324.45028128945796
2024-10-25,4613.154999999998,-3616.7632044862735,-324.45028128945796
2024-10-28,4671.693999999998,-3616.7632044862735,-354.0154213069618
2024-10-29,4671.693999999998,-3616.7632044862735,-354.0154213069618
2024-10-30,4671.693999999998,-3616.7632044862735,-354.0154213069618
2024-10-31,4677.150999999998,-3616.7632044862735,-353.0432620401398
2024-11-01,4677.150999999998,-3548.603204486273,-267.89852898749996
2024-11-04,4677.150999999998,-3548.603204486273,-267.89852898749996
2024-11-05,4677.150999999998,-3548.603204486273,-267.89852898749996
2024-11-06,4677.150999999998,-3548.603204486273,-267.89852898749996
2024-11-07,4677.150999999998,-3548.603204486273,-267.89852898749996
2024-11-08,4677.150999999998,-3538.083204486273,-229.21496532540823
2024-11-11,4677.150999999998,-3538.083204486273,-229.21496532540823
2024-11-12,4677.150999999998,-3538.083204486273,-229.21496532540823
2024-11-13,4677.150999999998,-3538.083204486273,-229.21496532540823
2024-11-14,4677.150999999998,-3538.083204486273,-229.21496532540823
2024-11-15,4677.150999999998,-3529.2582044862734,-285.5153656741004
2024-11-18,4677.150999999998,-3515.3682044862735,-274.5613555355203
2024-11-19,4677.150999999998,-3515.3682044862735,-274.5613555355203
2024-11-20,4677.150999999998,-3515.3682044862735,-274.5613555355203
2024-11-21,4899.174999999997,-3515.3682044862735,-11.091452855136595
2024-11-22,4899.174999999997,-3469.9182044862737,48.22934350984269
2024-11-25,4899.174999999997,-3469.9182044862737,48.22934350984269
2024-11-26,4899.174999999997,-3469.9182044862737,48.22934350984269
2024-11-27,4899.174999999997,-3469.9182044862737,48.22934350984269
2024-11-28,4899.174999999997,-3469.9182044862737,48.22934350984269
2024-11-29,4904.631999999998,-3469.9182044862737,44.24817168541631
2024-12-02,4904.631999999998,-3401.8862044862735,137.70487468139345
2024-12-03,4904.631999999998,-3401.8862044862735,137.70487468139345
2024-12-04,4904.631999999998,-3401.8862044862735,137.70487468139345
2024-12-05,4904.631999999998,-3401.8862044862735,137.70487468139345
2024-12-06,4904.631999999998,-3250.2362044862734,347.31319243176495
2024-12-09,4904.631999999998,-3250.2362044862734,347.31319243176495
2024-12-10,4904.631999999998,-3250.2362044862734,347.31319243176495
2024-12-11,4904.631999999998,-3250.2362044862734,347.31319243176495
2024-12-12,4904.631999999998,-3250.2362044862734,347.31319243176495
2024-12-13,4907.196999999997,-3250.2362044862734,286.27109259952886
2024-12-16,4907.196999999997,-3250.2362044862734,286.27109259952886
2024-12-17,4907.196999999997,-3250.2362044862734,286.27109259952886
2024-12-18,4907.196999999997,-3219.9002044862737,299.6165539925387
2024-12-19,4907.196999999997,-3181.5002044862736,306.42956521521137
2024-12-20,4907.196999999997,-3132.3502044862735,395.64167267474477
2024-12-23,3484.050396607261,0.0,3484.050396607261
2024-12-24,3484.050396607261,0.0,3484.050396607261
2024-12-26,3484.050396607261,0.0,3484.050396607261
2024-12-27,3494.653396607261,0.0,3494.653396607261
2024-12-30,3509.189396607261,0.0,3509.189396607261
2024-12-31,3514.646396607261,0.0,3514.646396607261
2025-01-02,3514.646396607261,0.0,3514.646396607261
2025-01-03,3514.646396607261,0.0,3514.646396607261
2025-01-06,3514.646396607261,0.0,3514.646396607261
2025-01-07,3514.646396607261,0.0,3514.646396607261
2025-01-08,3514.646396607261,0.0,3514.646396607261
2025-01-09,3514.646396607261,0.0,3514.646396607261
2025-01-10,3514.646396607261,3.8,3520.119004744392
2025-01-13,3514.646396607261,3.8,3520.119004744392
2025-01-14,3514.646396607261,3.8,3520.119004744392
2025-01-15,3514.646396607261,3.8,3520.119004744392
2025-01-16,3514.646396607261,3.8,3520.119004744392
2025-01-17,3514.646396607261,3.8,3520.119004744392
2025-01-20,3514.646396607261,3.8,3520.119004744392
2025-01-21,3514.646396607261,3.8,3520.119004744392
2025-01-22,3514.646396607261,3.8,3520.119004744392
2025-01-23,3514.646396607261,3.8,3520.119004744392
2025-01-24,3514.646396607261,3.8,3520.119004744392
2025-01-27,3514.646396607261,3.8,3520.119004744392
2025-01-28,3529.182396607261,3.8,3534.6547764347606
2025-01-29,3529.182396607261,3.8,3534.6547764347606
2025-01-30,3529.182396607261,3.8,3534.6547764347606
2025-01-31,3534.639396607261,3.8,3540.146736800056
2025-02-03,3534.639396607261,72.472,3641.2964356068187
2025-02-04,3534.639396607261,72.472,3641.2964356068187
2025-02-05,3534.639396607261,72.472,3641.2964356068187
2025-02-06,3534.639396607261,72.472,3641.2964356068187
2025-02-07,3534.639396607261,72.472,3641.2964356068187
2025-02-10,3534.639396607261,73.472,3639.9379956978373
2025-02-11,3534.639396607261,73.472,3639.9379956978373
2025-02-12,3534.639396607261,73.472,3639.9379956978373
2025-02-13,3534.639396607261,73.472,3639.9379956978373
2025-02-14,3534.639396607261,73.472,3639.9379956978373
2025-02-18,3534.639396607261,87.362,3658.562388941627
2025-02-19,3534.639396607261,87.362,3658.562388941627
2025-02-20,3534.639396607261,94.96199999999999,3669.86907928
2025-02-21,3534.639396607261,112.81199999999998,3694.561691830974
2025-02-24,3534.639396607261,158.262,3759.5550177863647
2025-02-25,3549.175396607261,158.262,3775.110231942754
2025-02-26,3549.175396607261,158.262,3775.110231942754
2025-02-27,3610.663396607261,158.262,3837.547791717391
2025-02-28,3616.120396607261,161.782,3849.790228986125
2025-03-03,3616.120396607261,228.726,3946.4236183115054
2025-03-04,3618.370396607261,228.726,3949.794370825391
2025-03-05,3618.370396607261,232.926,3953.716292963128
2025-03-06,3618.370396607261,232.926,3953.716292963128
2025-03-07,3618.370396607261,269.69599999999997,4003.7956607063816
2025-03-10,3618.370396607261,269.69599999999997,4003.7956607063816
2025-03-11,3618.370396607261,269.69599999999997,4003.7956607063816
2025-03-12,3618.370396607261,275.366,4015.7896352520993
2025-03-13,3618.370396607261,275.366,4015.7896352520993
2025-03-14,3631.561396607261,275.366,4028.7988766645003
2025-03-17,3631.561396607261,275.366,4028.7988766645003
2025-03-18,3631.561396607261,275.366,4028.7988766645003
2025-03-19,3631.561396607261,275.366,4028.7988766645003
2025-03-20,3631.561396607261,284.006,4038.2295949410013
2025-03-21,3631.561396607261,326.40599999999995,4099.062934563499
2025-03-24,3631.561396607261,326.40599999999995,4099.062934563499
2025-03-25,3631.561396607261,6716.760600000001,13247.342960000022
2025-03-26,3646.097396607261,6716.760600000001,13232.929642128332
2025-03-27,3646.097396607261,6716.760600000001,13232.929642128332
2025-03-28,3646.097396607261,6716.760600000001,13232.929642128332
2025-03-31,3651.554396607261,6716.760600000001,13262.63424807795
2025-04-01,3651.554396607261,6815.454600000002,13459.470554753218
2025-04-02,3651.554396607261,6815.454600000002,13459.470554753218
2025-04-03,3651.554396607261,6815.454600000002,13459.470554753218
2025-04-04,3651.554396607261,6815.454600000002,13459.470554753218
2025-04-07,3651.554396607261,6815.454600000002,13459.470554753218
2025-04-08,3651.554396607261,6815.454600000002,13459.470554753218
2025-04-09,3651.554396607261,6819.254600000002,13371.03799229463
2025-04-10,3651.554396607261,6819.254600000002,13371.03799229463
2025-04-11,3651.554396607261,6819.254600000002,13371.03799229463
2025-04-14,3651.554396607261,6819.254600000002,13371.03799229463
2025-04-15,3651.554396607261,6819.254600000002,13371.03799229463
2025-04-16,3651.554396607261,6819.254600000002,13371.03799229463
2025-04-17,3651.554396607261,6819.254600000002,13371.03799229463
2025-04-21,3651.554396607261,6819.254600000002,13371.03799229463
2025-04-22,3651.554396607261,6819.254600000002,13371.03799229463
2025-04-23,3651.554396607261,6819.254600000002,13371.03799229463
2025-04-24,3651.554396607261,6819.254600000002,13371.03799229463
2025-04-25,3666.090396607261,6819.254600000002,13116.213448601324
2025-04-28,3666.090396607261,6819.254600000002,13116.213448601324
2025-04-29,3666.090396607261,6819.254600000002,13116.213448601324
2025-04-30,3671.547396607261,6819.254600000002,13100.394745720561
2025-05-01,3671.547396607261,6924.5426000000025,13220.214753020033
2025-05-02,3671.547396607261,6924.5426000000025,13220.214753020033
2025-05-05,3671.547396607261,6924.5426000000025,13220.214753020033
2025-05-06,3671.547396607261,6924.5426000000025,13220.214753020033
2025-05-07,3671.547396607261,6924.5426000000025,13220.214753020033
2025-05-08,3671.547396607261,6924.5426000000025,13220.214753020033
2025-05-09,3671.547396607261,6924.5426000000025,13220.214753020033
2025-05-12,3671.547396607261,6925.5826000000025,13314.72879113837
2025-05-13,3671.547396607261,6925.5826000000025,13314.72879113837
2025-05-14,3671.547396607261,6931.2526000000025,13328.168795231852
2025-05-15,3671.547396607261,6931.2526000000025,13328.168795231852
2025-05-16,3671.547396607261,6956.2526000000025,13378.789373402771
2025-05-19,3671.547396607261,6974.102600000003,13402.233625603947
2025-05-20,3671.547396607261,6974.102600000003,13402.233625603947
2025-05-21,3671.547396607261,6974.102600000003,13402.233625603947
2025-05-22,3686.083396607261,6982.842600000003,13364.86205354453
2025-05-23,3686.083396607261,7035.867600000002,13436.388744868955
2025-05-26,3686.083396607261,7035.867600000002,13436.388744868955
2025-05-27,3686.083396607261,7035.867600000002,13436.388744868955
2025-05-28,3686.083396607261,7035.867600000002,13436.388744868955
2025-05-29,3747.571396607261,7035.867600000002,13493.022113246068
2025-05-30,3753.0283966072607,7039.387600000003,13471.396116048154
2025-06-02,3753.0283966072607,7138.0116000000025,13550.805782879646
2025-06-03,3753.0283966072607,7138.0116000000025,13550.805782879646
2025-06-04,3753.0283966072607,7142.211600000002,13548.571714988764
2025-06-05,3753.0283966072607,7142.211600000002,13548.571714988764
2025-06-06,3753.0283966072607,7151.731600000003,13527.085511590394
2025-06-09,3753.0283966072607,7160.911600000003,13556.746314704378
2025-06-10,3753.0283966072607,7160.911600000003,13556.746314704378
2025-06-11,3753.0283966072607,7160.911600000003,13556.746314704378
2025-06-12,3753.0283966072607,7160.911600000003,13556.746314704378
2025-06-13,3755.848396607261,7178.461600000003,13516.043824689445
2025-06-16,6696.598396607261,11990.563600000003,22984.579837617024
2025-06-17,1866.5983966072608,6852.343600000003,11168.312273934422
2025-06-18,1866.5983966072608,6852.343600000003,11168.312273934422
2025-06-19,1866.5983966072608,6852.343600000003,11168.312273934422
2025-06-20,1866.5983966072608,6852.343600000003,11168.312273934422
2025-06-23,1866.5983966072608,6852.343600000003,11168.312273934422
2025-06-24,1866.5983966072608,6852.343600000003,11168.312273934422
2025-06-25,1881.134396607261,6852.343600000003,11287.072642538555
2025-06-26,1891.2313966072609,6852.343600000003,11287.164704363737
2025-06-27,1891.2313966072609,6852.343600000003,11287.164704363737
2025-06-30,1896.688396607261,6852.343600000003,11271.653647700652
2025-07-01,1896.688396607261,6953.023600000003,11356.55535053731
2025-07-02,1896.688396607261,6953.023600000003,11356.55535053731
2025-07-03,1896.688396607261,6953.023600000003,11356.55535053731
2025-07-04,1896.688396607261,6953.023600000003,11356.55535053731
2025-07-07,1896.688396607261,6953.023600000003,11356.55535053731
2025-07-08,1896.688396607261,6953.023600000003,11356.55535053731
2025-07-09,1896.688396607261,6956.823600000003,11405.553200265513
2025-07-10,1896.688396607261,6956.823600000003,11405.553200265513
2025-07-11,1896.688396607261,6956.823600000003,11405.553200265513
2025-07-14,0.0,23650.954499226667,32363.96560894757
2025-07-15,0.0,23650.954499226667,32363.96560894757
2025-07-16,0.0,23650.954499226667,32363.96560894757
2025-07-17,0.0,23650.954499226667,32363.96560894757
2025-07-18,0.0,23650.954499226667,32363.96560894757
2025-07-21,0.0,23650.954499226667,32363.96560894757
2025-07-22,0.0,23650.954499226667,32363.96560894757
2025-07-23,0.0,23650.954499226667,32363.96560894757
2025-07-24,50.82,23650.954499226667,32219.665279439563
2025-07-25,50.82,23650.954499226667,32219.665279439563
2025-07-28,65.54,23650.954499226667,32472.31558327421
2025-07-29,65.54,23650.954499226667,32472.31558327421
2025-07-30,65.54,23650.954499226667,32472.31558327421
2025-07-31,70.997,23650.954499226667,32768.91367777447
2025-08-01,70.997,23747.957499226664,32978.54140772721
2025-08-04,70.997,23747.957499226664,32978.54140772721
2025-08-05,70.997,23747.957499226664,32978.54140772721
2025-08-06,70.997,23747.957499226664,32978.54140772721
2025-08-07,70.997,23747.957499226664,32978.54140772721
2025-08-08,70.997,23747.957499226664,32978.54140772721
2025-08-11,70.997,23757.477499226665,32743.94329514883
2025-08-12,70.997,23757.477499226665,32743.94329514883
2025-08-13,70.997,23763.147499226663,32791.90151059608
2025-08-14,70.997,23763.147499226663,32791.90151059608
2025-08-15,70.997,23763.147499226663,32791.90151059608
2025-08-18,70.997,23788.147499226663,32934.32290629851
2025-08-19,70.997,23788.147499226663,32934.32290629851
2025-08-20,70.997,23788.147499226663,32934.32290629851
2025-08-21,70.997,23796.887499226665,33083.94278854447
2025-08-22,70.997,23849.912499226666,33223.33032480729
2025-08-25,70.997,23849.912499226666,33223.33032480729
2025-08-26,85.717,23849.912499226666,33140.02484988364
2025-08-27,85.717,23849.912499226666,33140.02484988364
2025-08-28,85.717,23849.912499226666,33140.02484988364
2025-08-29,91.17399999999999,23853.432499226667,32889.16596991208
2025-09-02,91.17399999999999,23952.576499226667,33019.739125279346
2025-09-03,91.17399999999999,23956.776499226668,33114.39342897418
2025-09-04,152.66199999999998,23956.776499226668,33196.483677364544
2025-09-05,152.66199999999998,23956.776499226668,33196.483677364544
2025-09-08,152.66199999999998,23962.866499226668,33302.89063748379
2025-09-09,152.66199999999998,44012.61649922667,60868.067845815356
2025-09-10,152.66199999999998,44012.61649922667,60868.067845815356
2025-09-11,152.66199999999998,44012.61649922667,60868.067845815356
2025-09-12,152.66199999999998,44030.166499226674,61062.67527257566
2025-09-15,163.94199999999998,44030.166499226674,61097.29145901513
2025-09-16,163.94199999999998,44030.166499226674,61097.29145901513
2025-09-17,163.94199999999998,44030.166499226674,61097.29145901513
2025-09-18,163.94199999999998,44030.166499226674,61097.29145901513
2025-09-19,163.94199999999998,44030.166499226674,61097.29145901513
2025-09-22,163.94199999999998,44030.166499226674,61097.29145901513
2025-09-23,163.94199999999998,44030.166499226674,61097.29145901513
2025-09-24,178.66199999999998,44030.166499226674,61112.4471098191
2025-09-25,188.897,44030.166499226674,61373.218063739114
2025-09-26,188.897,44030.166499226674,61373.218063739114
2025-09-29,194.35399999999998,44030.166499226674,61564.48275603713
2025-09-30,194.35399999999998,44030.166499226674,61564.48275603713
2025-10-01,194.35399999999998,44050.64649922668,61528.26982156356
2025-10-02,194.35399999999998,44050.64649922668,61528.26982156356
2025-10-03,194.35399999999998,44050.64649922668,61528.26982156356
2025-10-06,194.35399999999998,44050.64649922668,61528.26982156356
2025-10-07,194.35399999999998,44050.64649922668,61528.26982156356
2025-10-08,194.35399999999998,44050.64649922668,61528.26982156356
2025-10-09,194.35399999999998,44050.64649922668,61528.26982156356
2025-10-10,194.35399999999998,44050.64649922668,61528.26982156356
2025-10-13,194.35399999999998,44050.64649922668,61528.26982156356
2025-10-14,3189.019175,41883.89649922668,61989.82261265119
2025-10-15,15.619174999999814,34441.10349922667,48388.149302428625
2025-10-16,15.619174999999814,34441.10349922667,48388.149302428625
2025-10-17,15.619174999999814,34441.10349922667,48388.149302428625
2025-10-20,15.619174999999814,34441.10349922667,48388.149302428625
2025-10-21,15.619174999999814,34441.10349922667,48388.149302428625
2025-10-22,15.619174999999814,34441.10349922667,48388.149302428625
2025-10-23,15.619174999999814,34441.10349922667,48388.149302428625
2025-10-24,15.619174999999814,34441.10349922667,48388.149302428625
2025-10-27,66.4391749999998,34441.10349922667,48261.254100459
2025-10-28,81.1591749999998,34441.10349922667,48269.084736732424
2025-10-29,81.1591749999998,34441.10349922667,48269.084736732424
2025-10-30,81.1591749999998,34441.10349922667,48269.084736732424
2025-10-31,86.6161749999998,34441.10349922667,48239.06849322965
2025-11-03,86.6161749999998,34464.655499226676,48390.210855397876
2025-11-04,86.6161749999998,34464.655499226676,48390.210855397876
2025-11-05,86.6161749999998,34464.655499226676,48390.210855397876
2025-11-06,86.6161749999998,34464.655499226676,48390.210855397876
2025-11-07,86.6161749999998,34464.655499226676,48390.210855397876
2025-11-10,86.6161749999998,34474.17549922667,48501.457517218056
2025-11-11,86.6161749999998,34474.17549922667,48501.457517218056
2025-11-12,86.6161749999998,34474.17549922667,48501.457517218056
2025-11-13,86.6161749999998,34474.17549922667,48501.457517218056
2025-11-14,86.6161749999998,34474.17549922667,48501.457517218056
2025-11-17,86.6161749999998,34499.17549922667,48448.248454540924
2025-11-18,86.6161749999998,34499.17549922667,48448.248454540924
2025-11-19,101.3361749999998,34499.17549922667,48348.777386498215
2025-11-20,101.3361749999998,34507.91549922667,48559.07740334049
2025-11-21,101.3361749999998,34571.04049922667,48816.07950647243
2025-11-24,101.3361749999998,34571.04049922667,48816.07950647243
2025-11-25,101.3361749999998,6153.371499226672,8783.12800330665
2025-11-26,101.3361749999998,6157.451499226672,8784.69759430535
2025-11-27,101.3361749999998,6157.451499226672,8784.69759430535
2025-11-28,106.79317499999979,6157.451499226672,8743.234955518787
2025-12-01,106.79317499999979,6268.369499226672,8863.329218773513
2025-12-02,106.79317499999979,6268.369499226672,8863.329218773513
2025-12-03,106.79317499999979,6272.569499226672,8869.321988500727
2025-12-04,168.2811749999998,6272.569499226672,8920.46040076951
2025-12-05,168.2811749999998,6335.119499226672,9011.917859444146
2025-12-08,168.2811749999998,6341.209499226672,8941.091153272115
2025-12-09,185.0811749999998,6341.209499226672,8967.022044778925
2025-12-10,185.0811749999998,6341.209499226672,8967.022044778925
2025-12-11,185.0811749999998,6341.209499226672,8967.022044778925
2025-12-12,185.0811749999998,6341.209499226672,8967.022044778925
2025-12-15,196.3611749999998,6341.209499226672,8926.811799312714
2025-12-16,196.3611749999998,6341.209499226672,8926.811799312714
2025-12-17,196.3611749999998,6341.209499226672,8926.811799312714
2025-12-18,196.3611749999998,6454.359499226672,9092.920840650575
2025-12-19,196.3611749999998,6499.671499226672,9150.958412287779
2025-12-22,196.3611749999998,6499.671499226672,9150.958412287779
2025-12-23,196.3611749999998,6499.671499226672,9150.958412287779
2025-12-24,196.3611749999998,6499.671499226672,9150.958412287779
2025-12-26,196.3611749999998,6499.671499226672,9150.958412287779
2025-12-29,206.4121749999998,6499.671499226672,9090.358114004977
2025-12-30,221.1321749999998,6499.671499226672,9117.362904475607
2025-12-31,226.58917499999978,6499.671499226672,9127.69430478155
2026-01-02,226.58917499999978,6499.671499226672,9127.69430478155
2026-01-05,226.58917499999978,6499.671499226672,9127.69430478155
2026-01-06,226.58917499999978,6499.671499226672,9127.69430478155
2026-01-07,226.58917499999978,6499.671499226672,9127.69430478155
2026-01-08,226.58917499999978,6499.671499226672,9127.69430478155
2026-01-09,226.58917499999978,6499.671499226672,9127.69430478155
2026-01-12,226.58917499999978,6499.671499226672,9127.69430478155
2026-01-13,226.58917499999978,6499.671499226672,9127.69430478155
2026-01-14,226.58917499999978,6499.671499226672,9127.69430478155
2026-01-15,268.2231749999998,6499.671499226672,9292.757325404136
2026-01-16,268.2231749999998,6499.671499226672,9292.757325404136
2026-01-19,268.2231749999998,6499.671499226672,9292.757325404136
2026-01-20,268.2231749999998,6499.671499226672,9292.757325404136
2026-01-21,268.2231749999998,6499.671499226672,9292.757325404136
2026-01-22,268.2231749999998,6499.671499226672,9292.757325404136
2026-01-23,268.2231749999998,6499.671499226672,9292.757325404136
2026-01-26,322.3431749999998,6499.671499226672,9228.128224960836
2026-01-27,337.06317499999983,6499.671499226672,9249.412510351385
2026-01-28,337.06317499999983,6499.671499226672,9249.412510351385
2026-01-29,337.06317499999983,6499.671499226672,9249.412510351385
2026-01-30,342.5201749999998,6499.671499226672,9111.87702870118
2026-02-02,342.5201749999998,6584.611499226671,9321.16464725824
2026-02-03,342.5201749999998,6584.611499226671,9321.16464725824
2026-02-04,342.5201749999998,6584.611499226671,9321.16464725824
2026-02-05,342.5201749999998,6584.611499226671,9321.16464725824
2026-02-06,342.5201749999998,6584.611499226671,9321.16464725824
2026-02-09,342.5201749999998,6584.611499226671,9321.16464725824
2026-02-10,342.5201749999998,6584.611499226671,9321.16464725824
2026-02-11,342.5201749999998,6584.611499226671,9321.16464725824
2026-02-12,342.5201749999998,6584.611499226671,9321.16464725824
2026-02-13,342.5201749999998,6584.611499226671,9321.16464725824
2026-02-17,342.5201749999998,6584.611499226671,9321.16464725824
2026-02-18,342.5201749999998,6584.611499226671,9321.16464725824
2026-02-19,342.5201749999998,6608.651499226671,9393.79503746188
2026-02-20,342.5201749999998,6608.651499226671,9393.79503746188
2026-02-23,342.5201749999998,6608.651499226671,9393.79503746188
2026-02-24,357.24017499999985,6671.776499226671,9493.437459186436
2026-02-25,374.04017499999986,6680.176499226671,9526.082688245928
2026-02-26,437.48017499999986,6680.176499226671,9573.156327174807
2026-02-27,442.93717499999985,6684.256499226671,9584.193053804061
2026-03-02,442.93717499999985,6759.586499226671,9682.210418866633
2026-03-03,442.93717499999985,6759.586499226671,9682.210418866633
2026-03-04,442.93717499999985,6763.7864992266705,9691.8060967494
2026-03-05,442.93717499999985,6763.7864992266705,9691.8060967494
2026-03-06,442.93717499999985,6773.306499226671,9701.979224582197
2026-03-09,442.93717499999985,6790.071499226671,9678.859934215605
2026-03-10,442.93717499999985,6790.071499226671,9678.859934215605
2026-03-11,442.93717499999985,6790.071499226671,9678.859934215605
2026-03-12,442.93717499999985,6790.071499226671,9678.859934215605
2026-03-13,464.24517499999985,6808.521499226671,9746.030403373685
2026-03-16,464.24517499999985,6808.521499226671,9746.030403373685
2026-03-17,464.24517499999985,6808.521499226671,9746.030403373685
2026-03-18,464.24517499999985,6808.521499226671,9746.030403373685
2026-03-19,464.24517499999985,6808.521499226671,9746.030403373685
2026-03-20,464.24517499999985,6808.521499226671,9746.030403373685
2026-03-23,464.24517499999985,6808.521499226671,9746.030403373685
2026-03-24,464.24517499999985,6808.521499226671,9746.030403373685
2026-03-25,464.24517499999985,6808.521499226671,9746.030403373685
2026-03-26,478.9651749999999,6808.521499226671,9884.393055364062
2026-03-27,478.9651749999999,6808.521499226671,9884.393055364062
2026-03-30,478.9651749999999,6808.521499226671,9884.393055364062
2026-03-31,484.5291749999999,6808.521499226671,9967.642271645116
2026-04-01,484.5291749999999,6897.273499226671,10073.739699265048
2026-04-02,484.5291749999999,6897.273499226671,10073.739699265048
2026-04-06,484.5291749999999,6897.273499226671,10073.739699265048
2026-04-07,484.5291749999999,6897.273499226671,10073.739699265048
2026-04-08,484.5291749999999,6897.273499226671,10073.739699265048
2026-04-09,484.5291749999999,6897.273499226671,10073.739699265048
2026-04-10,484.5291749999999,6897.273499226671,10073.739699265048
2026-04-13,484.5291749999999,6897.273499226671,10073.739699265048
2026-04-14,484.5291749999999,6897.273499226671,10073.739699265048
2026-04-15,484.5291749999999,6897.273499226671,10073.739699265048
2026-04-16,484.5291749999999,6897.273499226671,10073.739699265048
2026-04-17,484.5291749999999,6897.273499226671,10073.739699265048
2026-04-20,484.5291749999999,6897.273499226671,10073.739699265048
2026-04-21,484.5291749999999,6897.273499226671,10073.739699265048
2026-04-22,484.5291749999999,6897.273499226671,10073.739699265048
2026-04-23,538.6491749999999,6897.273499226671,9967.014737414498
2026-04-24,538.6491749999999,6897.273499226671,9967.014737414498
2026-04-27,553.3691749999999,6897.273499226671,9986.080165218898
2026-04-28,553.3691749999999,6897.273499226671,9986.080165218898
2026-04-29,553.3691749999999,6897.273499226671,9986.080165218898
2026-04-30,558.9331749999999,6897.273499226671,9988.40297763045
2026-05-01,558.9331749999999,7005.549499226671,10072.189073021902
2026-05-04,558.9331749999999,7005.549499226671,10072.189073021902
2026-05-05,558.9331749999999,7005.549499226671,10072.189073021902
2026-05-06,558.9331749999999,7005.549499226671,10072.189073021902
2026-05-07,558.9331749999999,7005.549499226671,10072.189073021902
2026-05-08,558.9331749999999,7005.549499226671,10072.189073021902
2026-05-11,558.9331749999999,7005.549499226671,10072.189073021902
2026-05-12,558.9331749999999,7005.549499226671,10072.189073021902
2026-05-13,558.9331749999999,7013.949499226671,10166.150192608922
2026-05-14,558.9331749999999,7013.949499226671,10166.150192608922
2026-05-15,558.9331749999999,7024.624499226671,10199.317131695821
2026-05-18,558.9331749999999,7024.624499226671,10199.317131695821
2026-05-19,558.9331749999999,7041.514499226671,10233.058806691693
2026-05-20,558.9331749999999,7041.514499226671,10233.058806691693
2026-05-21,573.8371749999999,7051.584499226671,10268.144316300817
2026-05-22,573.8371749999999,7114.709499226671,10374.989414448115
2026-05-25,573.8371749999999,7114.709499226671,10374.989414448115
2026-05-26,573.8371749999999,7114.709499226671,10374.989414448115
2026-05-27,590.6371749999998,7114.709499226671,10414.485626525171
2026-05-28,654.0771749999999,7114.709499226671,10503.040732355734
2026-05-29,659.6411749999999,7118.789499226671,10471.397960957971
2026-06-01,659.6411749999999,7254.147499226671,10667.68046880925
2026-06-02,659.6411749999999,7254.147499226671,10667.68046880925
2026-06-03,659.6411749999999,7258.347499226671,10708.460071269663
2026-06-04,659.6411749999999,7258.347499226671,10708.460071269663
2026-06-05,659.6411749999999,7258.347499226671,10708.460071269663
2026-06-08,659.6411749999999,7274.247499226672,10803.1432571305
2026-06-09,659.6411749999999,7274.247499226672,10803.1432571305
2026-06-10,659.6411749999999,7274.247499226672,10803.1432571305
2026-06-11,659.6411749999999,7274.247499226672,10803.1432571305
2026-06-12,659.6411749999999,7292.697499226671,10849.290140118932
2026-06-15,672.0411749999998,7292.697499226671,10855.272544620455
2026-06-16,672.0411749999998,7292.697499226671,10855.272544620455
2026-06-17,672.0411749999998,7292.697499226671,10855.272544620455
2026-06-18,672.0411749999998,7292.697499226671,10855.272544620455
2026-06-19,672.0411749999998,7292.697499226671,10855.272544620455
2026-06-22,672.0411749999998,7292.697499226671,10855.272544620455
2026-06-23,672.0411749999998,7292.697499226671,10855.272544620455
2026-06-24,672.0411749999998,7292.697499226671,10855.272544620455
2026-06-25,697.4101749999999,7292.697499226671,11078.710692927158
2026-06-26,697.4101749999999,7292.697499226671,11078.710692927158
2026-06-29,697.4101749999999,7292.697499226671,11078.710692927158
2026-06-30,702.9741749999998,7292.697499226671,11065.167958456075
2026-07-01,702.9741749999998,7432.353499226671,11260.63261834936
2026-07-02,702.9741749999998,7432.353499226671,11260.63261834936
2026-07-03,702.9741749999998,7432.353499226671,11260.63261834936
2026-07-06,702.9741749999998,7432.353499226671,11260.63261834936
2026-07-07,702.9741749999998,7432.353499226671,11260.63261834936
2026-07-08,702.9741749999998,7432.353499226671,11260.63261834936
2026-07-09,702.9741749999998,7432.353499226671,11260.63261834936
2026-07-10,702.9741749999998,7432.353499226671,11260.63261834936
2026-07-13,702.9741749999998,7432.353499226671,11260.63261834936
2026-07-14,702.9741749999998,7432.353499226671,11260.63261834936
2026-07-15,702.9741749999998,7432.353499226671,11260.63261834936
2026-07-16,702.9741749999998,7432.353499226671,11260.63261834936
2026-07-17,702.9741749999998,7432.353499226671,11260.63261834936
2026-07-20,702.9741749999998,7432.353499226671,11260.63261834936
2026-07-21,702.9741749999998,7432.353499226671,11260.63261834936
2026-07-22,702.9741749999998,7432.353499226671,11260.63261834936
2026-07-23,702.9741749999998,7432.353499226671,11260.63261834936
2026-07-24,702.9741749999998,7432.353499226671,11260.63261834936
2026-07-27,761.0541749999999,7432.353499226671,11230.639233636351
2026-07-28,775.9581749999999,7432.353499226671,11273.563160114385
2026-07-29,775.9581749999999,7432.353499226671,11273.563160114385
2026-07-30,775.9581749999999,7432.353499226671,11273.563160114385
2026-07-31,781.5221749999998,7432.353499226671,11195.140919143452
2026-08-03,781.5221749999998,7572.279499226672,11392.557084857697
2026-08-04,781.5221749999998,7572.279499226672,11392.557084857697
2026-08-05,781.5221749999998,7572.279499226672,11392.557084857697
2026-08-06,781.5221749999998,7572.279499226672,11392.557084857697
2026-08-07,781.5221749999998,7572.279499226672,11392.557084857697
2026-08-10,781.5221749999998,7572.279499226672,11392.557084857697
2026-08-11,781.5221749999998,7581.799499226672,11345.69846725082
2026-08-12,781.5221749999998,7590.199499226672,11346.320428002053
2026-08-13,781.5221749999998,7590.199499226672,11346.320428002053
2026-08-14,781.5221749999998,7590.199499226672,11346.320428002053
2026-08-17,781.5221749999998,7590.199499226672,11346.320428002053
2026-08-18,781.5221749999998,7600.874499226672,11323.707407416216
2026-08-19,781.5221749999998,7617.764499226672,11368.61554124649
2026-08-20,781.5221749999998,7627.834499226672,11315.866556933748
2026-08-21,781.5221749999998,7690.959499226672,11380.740889199282
2026-08-24,781.5221749999998,7690.959499226672,11380.740889199282
2026-08-25,781.5221749999998,7690.959499226672,11380.740889199282
2026-08-26,813.2261749999998,7690.959499226672,11454.59173980661
2026-08-27,813.2261749999998,7690.959499226672,11454.59173980661
2026-08-31,818.7901749999997,7690.959499226672,11508.531559372526
2026-09-01,818.7901749999997,7797.471499226673,11619.068003607103
2026-09-02,818.7901749999997,7797.471499226673,11619.068003607103
