Date,CAD,USD
2022-05-02,1.0,1.2853000164031982
2022-05-03,1.0,1.2874000072479248
2022-05-04,1.0,1.2833800315856934
2022-05-05,1.0,1.2737200260162354
2022-05-06,1.0,1.2826999425888062
2022-05-09,1.0,1.2918200492858887
2022-05-10,1.0,1.3008400201797485
2022-05-11,1.0,1.3031200170516968
2022-05-12,1.0,1.2994400262832642
2022-05-13,1.0,1.3023099899291992
2022-05-16,1.0,1.2906999588012695
2022-05-17,1.0,1.284999966621399
2022-05-18,1.0,1.280809998512268
2022-05-19,1.0,1.2884199619293213
2022-05-20,1.0,1.2819600105285645
2022-05-23,1.0,1.2812000513076782
2022-05-24,1.0,1.2787100076675415
2022-05-25,1.0,1.2822400331497192
2022-05-26,1.0,1.2820199728012085
2022-05-27,1.0,1.2773000001907349
2022-05-30,1.0,1.2723699808120728
2022-05-31,1.0,1.2655199766159058
2022-06-01,1.0,1.2639000415802002
2022-06-02,1.0,1.2665300369262695
2022-06-03,1.0,1.2569799423217773
2022-06-06,1.0,1.258489966392517
2022-06-07,1.0,1.2580000162124634
2022-06-08,1.0,1.253659963607788
2022-06-09,1.0,1.2552000284194946
2022-06-10,1.0,1.2702699899673462
2022-06-13,1.0,1.2797600030899048
2022-06-14,1.0,1.2890000343322754
2022-06-15,1.0,1.2944799661636353
2022-06-16,1.0,1.2873400449752808
2022-06-17,1.0,1.2953799962997437
2022-06-20,1.0,1.3000500202178955
2022-06-21,1.0,1.2981799840927124
2022-06-22,1.0,1.2931900024414062
2022-06-23,1.0,1.2963800430297852
2022-06-24,1.0,1.2987099885940552
2022-06-27,1.0,1.2897100448608398
2022-06-28,1.0,1.2869000434875488
2022-06-29,1.0,1.2872999906539917
2022-06-30,1.0,1.2883299589157104
2022-07-01,1.0,1.287369966506958
2022-07-04,1.0,1.288599967956543
2022-07-05,1.0,1.285730004310608
2022-07-06,1.0,1.3034800291061401
2022-07-07,1.0,1.3034000396728516
2022-07-08,1.0,1.2965999841690063
2022-07-11,1.0,1.294700026512146
2022-07-12,1.0,1.2994799613952637
2022-07-13,1.0,1.303130030632019
2022-07-14,1.0,1.300089955329895
2022-07-15,1.0,1.3107999563217163
2022-07-18,1.0,1.3009400367736816
2022-07-19,1.0,1.2981300354003906
2022-07-20,1.0,1.2870899438858032
2022-07-21,1.0,1.2883000373840332
2022-07-22,1.0,1.2877999544143677
2022-07-25,1.0,1.2924599647521973
2022-07-26,1.0,1.2850699424743652
2022-07-27,1.0,1.287369966506958
2022-07-28,1.0,1.2817100286483765
2022-07-29,1.0,1.2806999683380127
2022-08-01,1.0,1.281559944152832
2022-08-02,1.0,1.284309983253479
2022-08-03,1.0,1.288789987564087
2022-08-04,1.0,1.2853599786758423
2022-08-05,1.0,1.287019968032837
2022-08-08,1.0,1.294450044631958
2022-08-09,1.0,1.2856999635696411
2022-08-10,1.0,1.2885899543762207
2022-08-11,1.0,1.277400016784668
2022-08-12,1.0,1.2762900590896606
2022-08-15,1.0,1.2779500484466553
2022-08-16,1.0,1.2903599739074707
2022-08-17,1.0,1.284540057182312
2022-08-18,1.0,1.2917799949645996
2022-08-19,1.0,1.2947100400924683
2022-08-22,1.0,1.300029993057251
2022-08-23,1.0,1.3048100471496582
2022-08-24,1.0,1.295799970626831
2022-08-25,1.0,1.297029972076416
2022-08-26,1.0,1.2937599420547485
2022-08-29,1.0,1.306130051612854
2022-08-30,1.0,1.300130009651184
2022-08-31,1.0,1.3089499473571777
2022-09-01,1.0,1.3141200542449951
2022-09-02,1.0,1.3144999742507935
2022-09-06,1.0,1.3128999471664429
2022-09-07,1.0,1.3153799772262573
2022-09-08,1.0,1.3129899501800537
2022-09-09,1.0,1.3080799579620361
2022-09-12,1.0,1.302299976348877
2022-09-13,1.0,1.2979899644851685
2022-09-14,1.0,1.3162599802017212
2022-09-15,1.0,1.3160500526428223
2022-09-16,1.0,1.3246999979019165
2022-09-19,1.0,1.325819969177246
2022-09-20,1.0,1.3243399858474731
2022-09-21,1.0,1.336300015449524
2022-09-22,1.0,1.3478699922561646
2022-09-23,1.0,1.3471100330352783
2022-09-26,1.0,1.3580800294876099
2022-09-27,1.0,1.3710600137710571
2022-09-28,1.0,1.372249960899353
2022-09-29,1.0,1.3627899885177612
2022-09-30,1.0,1.3674499988555908
2022-10-03,1.0,1.378730058670044
2022-10-04,1.0,1.3628100156784058
2022-10-05,1.0,1.350540041923523
2022-10-06,1.0,1.359779953956604
2022-10-07,1.0,1.3740999698638916
2022-10-10,1.0,1.3732099533081055
2022-10-11,1.0,1.377500057220459
2022-10-12,1.0,1.3791500329971313
2022-10-13,1.0,1.3815699815750122
2022-10-14,1.0,1.3760099411010742
2022-10-17,1.0,1.3854999542236328
2022-10-18,1.0,1.3712899684906006
2022-10-19,1.0,1.3726199865341187
2022-10-20,1.0,1.3772799968719482
2022-10-21,1.0,1.3777300119400024
2022-10-24,1.0,1.3646199703216553
2022-10-25,1.0,1.3695199489593506
2022-10-26,1.0,1.3616700172424316
2022-10-27,1.0,1.3552000522613525
2022-10-28,1.0,1.3564499616622925
2022-10-31,1.0,1.3608100414276123
2022-11-01,1.0,1.3610700368881226
2022-11-02,1.0,1.361799955368042
2022-11-03,1.0,1.3715200424194336
2022-11-04,1.0,1.3742400407791138
2022-11-07,1.0,1.3512500524520874
2022-11-08,1.0,1.3493499755859375
2022-11-09,1.0,1.341539978981018
2022-11-10,1.0,1.3526500463485718
2022-11-11,1.0,1.333150029182434
2022-11-14,1.0,1.3253999948501587
2022-11-15,1.0,1.3324700593948364
2022-11-16,1.0,1.3273500204086304
2022-11-17,1.0,1.333549976348877
2022-11-18,1.0,1.3321399688720703
2022-11-21,1.0,1.337689995765686
2022-11-22,1.0,1.3446300029754639
2022-11-23,1.0,1.3362499475479126
2022-11-24,1.0,1.3343600034713745
2022-11-25,1.0,1.3336600065231323
2022-11-28,1.0,1.3409600257873535
2022-11-29,1.0,1.3489899635314941
2022-11-30,1.0,1.3583600521087646
2022-12-01,1.0,1.3411999940872192
2022-12-02,1.0,1.3435499668121338
2022-12-05,1.0,1.3444000482559204
2022-12-06,1.0,1.3588000535964966
2022-12-07,1.0,1.3649400472640991
2022-12-08,1.0,1.36489999294281
2022-12-09,1.0,1.3597700595855713
2022-12-12,1.0,1.365530014038086
2022-12-13,1.0,1.363029956817627
2022-12-14,1.0,1.3555400371551514
2022-12-15,1.0,1.3550200462341309
2022-12-16,1.0,1.365820050239563
2022-12-19,1.0,1.3688600063323975
2022-12-20,1.0,1.364300012588501
2022-12-21,1.0,1.3599400520324707
2022-12-22,1.0,1.3612699508666992
2022-12-23,1.0,1.3636800050735474
2022-12-27,1.0,1.3557000160217285
2022-12-28,1.0,1.3524999618530273
2022-12-29,1.0,1.3599400520324707
2022-12-30,1.0,1.3552000522613525
2023-01-03,1.0,1.3559000492095947
2023-01-04,1.0,1.3674099445343018
2023-01-05,1.0,1.3485100269317627
2023-01-06,1.0,1.3559900522232056
2023-01-09,1.0,1.3435200452804565
2023-01-10,1.0,1.3393700122833252
2023-01-11,1.0,1.3432899713516235
2023-01-12,1.0,1.343000054359436
2023-01-13,1.0,1.3375999927520752
2023-01-16,1.0,1.3396199941635132
2023-01-17,1.0,1.3397799730300903
2023-01-18,1.0,1.3389999866485596
2023-01-19,1.0,1.3495800495147705
2023-01-20,1.0,1.3463799953460693
2023-01-23,1.0,1.3371000289916992
2023-01-24,1.0,1.3370100259780884
2023-01-25,1.0,1.3374799489974976
2023-01-26,1.0,1.3380199670791626
2023-01-27,1.0,1.3316099643707275
2023-01-30,1.0,1.3303200006484985
2023-01-31,1.0,1.338379979133606
2023-02-01,1.0,1.3306000232696533
2023-02-02,1.0,1.3274999856948853
2023-02-03,1.0,1.3316600322723389
2023-02-06,1.0,1.3399699926376343
2023-02-07,1.0,1.344099998474121
2023-02-08,1.0,1.3390100002288818
2023-02-09,1.0,1.344499945640564
2023-02-10,1.0,1.3448699712753296
2023-02-13,1.0,1.3357399702072144
2023-02-14,1.0,1.3333100080490112
2023-02-15,1.0,1.3340599536895752
2023-02-16,1.0,1.3390599489212036
2023-02-17,1.0,1.3473000526428223
2023-02-21,1.0,1.3452999591827393
2023-02-22,1.0,1.3534899950027466
2023-02-23,1.0,1.3545399904251099
2023-02-24,1.0,1.3543200492858887
2023-02-27,1.0,1.3593699932098389
2023-02-28,1.0,1.3573999404907227
2023-03-01,1.0,1.3645199537277222
2023-03-02,1.0,1.3589600324630737
2023-03-03,1.0,1.3594800233840942
2023-03-06,1.0,1.3602999448776245
2023-03-07,1.0,1.3616199493408203
2023-03-08,1.0,1.3747999668121338
2023-03-09,1.0,1.3799400329589844
2023-03-10,1.0,1.3831000328063965
2023-03-13,1.0,1.3763799667358398
2023-03-14,1.0,1.373520016670227
2023-03-15,1.0,1.3688900470733643
2023-03-16,1.0,1.3764899969100952
2023-03-17,1.0,1.3719099760055542
2023-03-20,1.0,1.3709800243377686
2023-03-21,1.0,1.3671000003814697
2023-03-22,1.0,1.3708800077438354
2023-03-23,1.0,1.3716700077056885
2023-03-24,1.0,1.3717000484466553
2023-03-27,1.0,1.3727400302886963
2023-03-28,1.0,1.3654099702835083
2023-03-29,1.0,1.3593300580978394
2023-03-30,1.0,1.3563100099563599
2023-03-31,1.0,1.3521900177001953
2023-04-03,1.0,1.3501800298690796
2023-04-04,1.0,1.343369960784912
2023-04-05,1.0,1.3437999486923218
2023-04-06,1.0,1.3454300165176392
2023-04-10,1.0,1.3503999710083008
2023-04-11,1.0,1.3503400087356567
2023-04-12,1.0,1.346250057220459
2023-04-13,1.0,1.343999981880188
2023-04-14,1.0,1.3339999914169312
2023-04-17,1.0,1.3365000486373901
2023-04-18,1.0,1.3392000198364258
2023-04-19,1.0,1.3390899896621704
2023-04-20,1.0,1.3467999696731567
2023-04-21,1.0,1.348080039024353
2023-04-24,1.0,1.3538399934768677
2023-04-25,1.0,1.353369951248169
2023-04-26,1.0,1.361840009689331
2023-04-27,1.0,1.363070011138916
2023-04-28,1.0,1.359969973564148
2023-05-01,1.0,1.3559099435806274
2023-05-02,1.0,1.3552000522613525
2023-05-03,1.0,1.3619500398635864
2023-05-04,1.0,1.3631900548934937
2023-05-05,1.0,1.3523000478744507
2023-05-08,1.0,1.3380000591278076
2023-05-09,1.0,1.3372399806976318
2023-05-10,1.0,1.337499976158142
2023-05-11,1.0,1.3372100591659546
2023-05-12,1.0,1.3493000268936157
2023-05-15,1.0,1.3553999662399292
2023-05-16,1.0,1.346500039100647
2023-05-17,1.0,1.3477200269699097
2023-05-18,1.0,1.3466700315475464
2023-05-19,1.0,1.349769949913025
2023-05-22,1.0,1.3487999439239502
2023-05-23,1.0,1.3502899408340454
2023-05-24,1.0,1.3499399423599243
2023-05-25,1.0,1.3588500022888184
2023-05-26,1.0,1.3643200397491455
2023-05-29,1.0,1.3609000444412231
2023-05-30,1.0,1.3601000308990479
2023-05-31,1.0,1.359969973564148
2023-06-01,1.0,1.356600046157837
2023-06-02,1.0,1.3443000316619873
2023-06-05,1.0,1.342829942703247
2023-06-06,1.0,1.3447999954223633
2023-06-07,1.0,1.339859962463379
2023-06-08,1.0,1.3371599912643433
2023-06-09,1.0,1.3361999988555908
2023-06-12,1.0,1.3336800336837769
2023-06-13,1.0,1.336300015449524
2023-06-14,1.0,1.331470012664795
2023-06-15,1.0,1.3326400518417358
2023-06-16,1.0,1.3221900463104248
2023-06-19,1.0,1.3198000192642212
2023-06-20,1.0,1.3209500312805176
2023-06-21,1.0,1.3225599527359009
2023-06-22,1.0,1.316100001335144
2023-06-23,1.0,1.3145899772644043
2023-06-26,1.0,1.3164700269699097
2023-06-27,1.0,1.315000057220459
2023-06-28,1.0,1.3197699785232544
2023-06-29,1.0,1.3251800537109375
2023-06-30,1.0,1.3250000476837158
2023-07-03,1.0,1.3250000476837158
2023-07-04,1.0,1.3248000144958496
2023-07-05,1.0,1.322350025177002
2023-07-06,1.0,1.3285900354385376
2023-07-07,1.0,1.3365399837493896
2023-07-10,1.0,1.3278000354766846
2023-07-11,1.0,1.3273999691009521
2023-07-12,1.0,1.3227699995040894
2023-07-13,1.0,1.3182799816131592
2023-07-14,1.0,1.3112499713897705
2023-07-17,1.0,1.3224999904632568
2023-07-18,1.0,1.3201500177383423
2023-07-19,1.0,1.3166199922561646
2023-07-20,1.0,1.3163000345230103
2023-07-21,1.0,1.3174200057983398
2023-07-24,1.0,1.3223999738693237
2023-07-25,1.0,1.3174599409103394
2023-07-26,1.0,1.3187099695205688
2023-07-27,1.0,1.3204599618911743
2023-07-28,1.0,1.322700023651123
2023-07-31,1.0,1.3250999450683594
2023-08-01,1.0,1.319200038909912
2023-08-02,1.0,1.3268500566482544
2023-08-03,1.0,1.33433997631073
2023-08-04,1.0,1.3350600004196167
2023-08-07,1.0,1.3372999429702759
2023-08-08,1.0,1.3371200561523438
2023-08-09,1.0,1.3424999713897705
2023-08-10,1.0,1.341879963874817
2023-08-11,1.0,1.344480037689209
2023-08-14,1.0,1.3439799547195435
2023-08-15,1.0,1.3458800315856934
2023-08-16,1.0,1.3490099906921387
2023-08-17,1.0,1.353659987449646
2023-08-18,1.0,1.3545199632644653
2023-08-21,1.0,1.354159951210022
2023-08-22,1.0,1.3543000221252441
2023-08-23,1.0,1.3550100326538086
2023-08-24,1.0,1.352370023727417
2023-08-25,1.0,1.358680009841919
2023-08-28,1.0,1.3594000339508057
2023-08-29,1.0,1.3601100444793701
2023-08-30,1.0,1.3558900356292725
2023-08-31,1.0,1.3535300493240356
2023-09-01,1.0,1.3509700298309326
2023-09-05,1.0,1.3598699569702148
2023-09-06,1.0,1.3638900518417358
2023-09-07,1.0,1.3638999462127686
2023-09-08,1.0,1.3683500289916992
2023-09-11,1.0,1.3626999855041504
2023-09-12,1.0,1.3578699827194214
2023-09-13,1.0,1.3551000356674194
2023-09-14,1.0,1.3552500009536743
2023-09-15,1.0,1.3514800071716309
2023-09-18,1.0,1.3521900177001953
2023-09-19,1.0,1.3487000465393066
2023-09-20,1.0,1.3442699909210205
2023-09-21,1.0,1.3476699590682983
2023-09-22,1.0,1.347749948501587
2023-09-25,1.0,1.3476999998092651
2023-09-26,1.0,1.345039963722229
2023-09-27,1.0,1.3519599437713623
2023-09-28,1.0,1.350100040435791
2023-09-29,1.0,1.3490999937057495
2023-10-02,1.0,1.3573700189590454
2023-10-03,1.0,1.3676300048828125
2023-10-04,1.0,1.3709100484848022
2023-10-05,1.0,1.3744200468063354
2023-10-06,1.0,1.3705699443817139
2023-10-09,1.0,1.3661099672317505
2023-10-10,1.0,1.358049988746643
2023-10-11,1.0,1.3583600521087646
2023-10-12,1.0,1.3594499826431274
2023-10-13,1.0,1.3683799505233765
2023-10-16,1.0,1.3644299507141113
2023-10-17,1.0,1.3614399433135986
2023-10-18,1.0,1.3653000593185425
2023-10-19,1.0,1.3713799715042114
2023-10-20,1.0,1.3715300559997559
2023-10-23,1.0,1.370300054550171
2023-10-24,1.0,1.3688499927520752
2023-10-25,1.0,1.3741600513458252
2023-10-26,1.0,1.3802900314331055
2023-10-27,1.0,1.3813999891281128
2023-10-30,1.0,1.3863400220870972
2023-10-31,1.0,1.3828599452972412
2023-11-01,1.0,1.387660026550293
2023-11-02,1.0,1.3834400177001953
2023-11-03,1.0,1.3746999502182007
2023-11-06,1.0,1.3660600185394287
2023-11-07,1.0,1.369729995727539
2023-11-08,1.0,1.3768500089645386
2023-11-09,1.0,1.3793200254440308
2023-11-10,1.0,1.3806999921798706
2023-11-13,1.0,1.379889965057373
2023-11-14,1.0,1.3801499605178833
2023-11-15,1.0,1.3699400424957275
2023-11-16,1.0,1.368340015411377
2023-11-17,1.0,1.3752100467681885
2023-11-20,1.0,1.371899962425232
2023-11-21,1.0,1.3724100589752197
2023-11-22,1.0,1.3701000213623047
2023-11-23,1.0,1.3692500591278076
2023-11-24,1.0,1.3695000410079956
2023-11-27,1.0,1.3630499839782715
2023-11-28,1.0,1.360700011253357
2023-11-29,1.0,1.3562999963760376
2023-11-30,1.0,1.3590199947357178
2023-12-01,1.0,1.3556499481201172
2023-12-04,1.0,1.348870038986206
2023-12-05,1.0,1.3538999557495117
2023-12-06,1.0,1.3590999841690063
2023-12-07,1.0,1.359179973602295
2023-12-08,1.0,1.3598599433898926
2023-12-11,1.0,1.3580800294876099
2023-12-12,1.0,1.357800006866455
2023-12-13,1.0,1.3585000038146973
2023-12-14,1.0,1.3508100509643555
2023-12-15,1.0,1.3407000303268433
2023-12-18,1.0,1.3381600379943848
2023-12-19,1.0,1.3397799730300903
2023-12-20,1.0,1.3334200382232666
2023-12-21,1.0,1.335819959640503
2023-12-22,1.0,1.3283900022506714
2023-12-26,1.0,1.3250000476837158
2023-12-27,1.0,1.3195199966430664
2023-12-28,1.0,1.320199966430664
2023-12-29,1.0,1.3229600191116333
2024-01-02,1.0,1.3242000341415405
2024-01-03,1.0,1.332200050354004
2024-01-04,1.0,1.3347699642181396
2024-01-05,1.0,1.3355000019073486
2024-01-08,1.0,1.3359800577163696
2024-01-09,1.0,1.3349000215530396
2024-01-10,1.0,1.338919997215271
2024-01-11,1.0,1.3378499746322632
2024-01-12,1.0,1.3379900455474854
2024-01-15,1.0,1.340939998626709
2024-01-16,1.0,1.3435800075531006
2024-01-17,1.0,1.3489999771118164
2024-01-18,1.0,1.3502800464630127
2024-01-19,1.0,1.348620057106018
2024-01-22,1.0,1.3431600332260132
2024-01-23,1.0,1.347790002822876
2024-01-24,1.0,1.3456000089645386
2024-01-25,1.0,1.3525400161743164
2024-01-26,1.0,1.3477699756622314
2024-01-29,1.0,1.3453999757766724
2024-01-30,1.0,1.3411400318145752
2024-01-31,1.0,1.3401700258255005
2024-02-01,1.0,1.3435499668121338
2024-02-02,1.0,1.3382999897003174
2024-02-05,1.0,1.3470100164413452
2024-02-06,1.0,1.3543000221252441
2024-02-07,1.0,1.34893000125885
2024-02-08,1.0,1.3464000225067139
2024-02-09,1.0,1.3459999561309814
2024-02-12,1.0,1.3457800149917603
2024-02-13,1.0,1.3455300331115723
2024-02-14,1.0,1.3565800189971924
2024-02-15,1.0,1.3538700342178345
2024-02-16,1.0,1.3465299606323242
2024-02-20,1.0,1.3497999906539917
2024-02-21,1.0,1.3521900177001953
2024-02-22,1.0,1.3496999740600586
2024-02-23,1.0,1.348140001296997
2024-02-26,1.0,1.3507200479507446
2024-02-27,1.0,1.3501299619674683
2024-02-28,1.0,1.3531700372695923
2024-02-29,1.0,1.3577500581741333
2024-03-01,1.0,1.3573700189590454
2024-03-04,1.0,1.355239987373352
2024-03-05,1.0,1.357200026512146
2024-03-06,1.0,1.3589999675750732
2024-03-07,1.0,1.3512699604034424
2024-03-08,1.0,1.3451999425888062
2024-03-11,1.0,1.348449945449829
2024-03-12,1.0,1.347749948501587
2024-03-13,1.0,1.349310040473938
2024-03-14,1.0,1.3466299772262573
2024-03-15,1.0,1.3537700176239014
2024-03-18,1.0,1.3546099662780762
2024-03-19,1.0,1.3534799814224243
2024-03-20,1.0,1.3573100566864014
2024-03-21,1.0,1.347190022468567
2024-03-22,1.0,1.3526999950408936
2024-03-25,1.0,1.3611500263214111
2024-03-26,1.0,1.3584599494934082
2024-03-27,1.0,1.3581000566482544
2024-03-28,1.0,1.3586000204086304
2024-04-01,1.0,1.3521900177001953
2024-04-02,1.0,1.3573700189590454
2024-04-03,1.0,1.3564300537109375
2024-04-04,1.0,1.3523800373077393
2024-04-05,1.0,1.354449987411499
2024-04-08,1.0,1.3604099750518799
2024-04-09,1.0,1.3570799827575684
2024-04-10,1.0,1.3572900295257568
2024-04-11,1.0,1.3687000274658203
2024-04-12,1.0,1.368690013885498
2024-04-15,1.0,1.3758000135421753
2024-04-16,1.0,1.3786300420761108
2024-04-17,1.0,1.3818800449371338
2024-04-18,1.0,1.3771799802780151
2024-04-19,1.0,1.3769299983978271
2024-04-22,1.0,1.373900055885315
2024-04-23,1.0,1.3700499534606934
2024-04-24,1.0,1.3660600185394287
2024-04-25,1.0,1.370419979095459
2024-04-26,1.0,1.3658000230789185
2024-04-29,1.0,1.36558997631073
2024-04-30,1.0,1.36667001247406
2024-05-01,1.0,1.3776999711990356
2024-05-02,1.0,1.3723000288009644
2024-05-03,1.0,1.3666199445724487
2024-05-06,1.0,1.3691500425338745
2024-05-07,1.0,1.3670899868011475
2024-05-08,1.0,1.3733199834823608
2024-05-09,1.0,1.3727200031280518
2024-05-10,1.0,1.3677799701690674
2024-05-13,1.0,1.3676999807357788
2024-05-14,1.0,1.366569995880127
2024-05-15,1.0,1.365280032157898
2024-05-16,1.0,1.3596999645233154
2024-05-17,1.0,1.3614599704742432
2024-05-20,1.0,1.3607900142669678
2024-05-21,1.0,1.3621000051498413
2024-05-22,1.0,1.3640300035476685
2024-05-23,1.0,1.368899941444397
2024-05-24,1.0,1.3732099533081055
2024-05-27,1.0,1.3666000366210938
2024-05-28,1.0,1.3628900051116943
2024-05-29,1.0,1.3645999431610107
2024-05-30,1.0,1.3717000484466553
2024-05-31,1.0,1.3683300018310547
2024-06-03,1.0,1.3618899583816528
2024-06-04,1.0,1.3628699779510498
2024-06-05,1.0,1.3676199913024902
2024-06-06,1.0,1.36899995803833
2024-06-07,1.0,1.366819977760315
2024-06-10,1.0,1.3759000301361084
2024-06-11,1.0,1.3761199712753296
2024-06-12,1.0,1.3754899501800537
2024-06-13,1.0,1.372189998626709
2024-06-14,1.0,1.3740999698638916
2024-06-17,1.0,1.3732999563217163
2024-06-18,1.0,1.3713300228118896
2024-06-19,1.0,1.3716200590133667
2024-06-20,1.0,1.3705799579620361
2024-06-21,1.0,1.3684699535369873
2024-06-24,1.0,1.370129942893982
2024-06-25,1.0,1.3657900094985962
2024-06-26,1.0,1.3661099672317505
2024-06-27,1.0,1.3704500198364258
2024-06-28,1.0,1.3699300289154053
2024-07-01,1.0,1.3672699928283691
2024-07-02,1.0,1.3737800121307373
2024-07-03,1.0,1.3676799535751343
2024-07-04,1.0,1.3633300065994263
2024-07-05,1.0,1.3615200519561768
2024-07-08,1.0,1.363800048828125
2024-07-09,1.0,1.3629499673843384
2024-07-10,1.0,1.3630000352859497
2024-07-11,1.0,1.3617199659347534
2024-07-12,1.0,1.3624399900436401
2024-07-15,1.0,1.3645999431610107
2024-07-16,1.0,1.3675999641418457
2024-07-17,1.0,1.3669500350952148
2024-07-18,1.0,1.3678699731826782
2024-07-19,1.0,1.3702000379562378
2024-07-22,1.0,1.3707000017166138
2024-07-23,1.0,1.3761199712753296
2024-07-24,1.0,1.3785799741744995
2024-07-25,1.0,1.3810299634933472
2024-07-26,1.0,1.3819299936294556
2024-07-29,1.0,1.3827999830245972
2024-07-30,1.0,1.3855799436569214
2024-07-31,1.0,1.3849600553512573
2024-08-01,1.0,1.3808300495147705
2024-08-02,1.0,1.3880599737167358
2024-08-05,1.0,1.3883099555969238
2024-08-06,1.0,1.3805299997329712
2024-08-07,1.0,1.3786499500274658
2024-08-08,1.0,1.3754700422286987
2024-08-09,1.0,1.3735400438308716
2024-08-12,1.0,1.3735899925231934
2024-08-13,1.0,1.3742300271987915
2024-08-14,1.0,1.3709100484848022
2024-08-15,1.0,1.3715699911117554
2024-08-16,1.0,1.37336003780365
2024-08-19,1.0,1.3678300380706787
2024-08-20,1.0,1.3630000352859497
2024-08-21,1.0,1.3617299795150757
2024-08-22,1.0,1.3583300113677979
2024-08-23,1.0,1.3603399991989136
2024-08-26,1.0,1.3508000373840332
2024-08-27,1.0,1.3482099771499634
2024-08-28,1.0,1.3447699546813965
2024-08-29,1.0,1.3476999998092651
2024-08-30,1.0,1.3489099740982056
2024-09-03,1.0,1.3497300148010254
2024-09-04,1.0,1.3543399572372437
2024-09-05,1.0,1.3508100509643555
2024-09-06,1.0,1.3500100374221802
2024-09-09,1.0,1.3562099933624268
2024-09-10,1.0,1.3564000129699707
2024-09-11,1.0,1.3609600067138672
2024-09-12,1.0,1.3578399419784546
2024-09-13,1.0,1.3575799465179443
2024-09-16,1.0,1.3577699661254883
2024-09-17,1.0,1.3586299419403076
2024-09-18,1.0,1.3592100143432617
2024-09-19,1.0,1.3610700368881226
2024-09-20,1.0,1.3562699556350708
2024-09-23,1.0,1.3564200401306152
2024-09-24,1.0,1.3529499769210815
2024-09-25,1.0,1.3421000242233276
2024-09-26,1.0,1.3482199907302856
2024-09-27,1.0,1.3475699424743652
2024-09-30,1.0,1.3508800268173218
2024-10-01,1.0,1.352720022201538
2024-10-02,1.0,1.3494600057601929
2024-10-03,1.0,1.3504899740219116
2024-10-04,1.0,1.3548200130462646
2024-10-07,1.0,1.3579200506210327
2024-10-08,1.0,1.361799955368042
2024-10-09,1.0,1.3652000427246094
2024-10-10,1.0,1.3709299564361572
2024-10-11,1.0,1.3745700120925903
2024-10-14,1.0,1.378119945526123
2024-10-15,1.0,1.3802900314331055
2024-10-16,1.0,1.3781100511550903
2024-10-17,1.0,1.375499963760376
2024-10-18,1.0,1.3795700073242188
2024-10-21,1.0,1.3799599409103394
2024-10-22,1.0,1.3833500146865845
2024-10-23,1.0,1.3816200494766235
2024-10-24,1.0,1.3836699724197388
2024-10-25,1.0,1.3853299617767334
2024-10-28,1.0,1.3895599842071533
2024-10-29,1.0,1.3889800310134888
2024-10-30,1.0,1.3912800550460815
2024-10-31,1.0,1.3907999992370605
2024-11-01,1.0,1.3935199975967407
2024-11-04,1.0,1.3918800354003906
2024-11-05,1.0,1.3900699615478516
2024-11-06,1.0,1.3832999467849731
2024-11-07,1.0,1.394819974899292
2024-11-08,1.0,1.3867299556732178
2024-11-11,1.0,1.390779972076416
2024-11-12,1.0,1.3921500444412231
2024-11-13,1.0,1.3945499658584595
2024-11-14,1.0,1.3992700576782227
2024-11-15,1.0,1.406149983406067
2024-11-18,1.0,1.4085899591445923
2024-11-19,1.0,1.4022400379180908
2024-11-20,1.0,1.3954999446868896
2024-11-21,1.0,1.3968000411987305
2024-11-22,1.0,1.3980000019073486
2024-11-25,1.0,1.393280029296875
2024-11-26,1.0,1.4098399877548218
2024-11-27,1.0,1.405310034751892
2024-11-28,1.0,1.4026299715042114
2024-11-29,1.0,1.4007200002670288
2024-12-02,1.0,1.4012600183486938
2024-12-03,1.0,1.4042999744415283
2024-12-04,1.0,1.4065899848937988
2024-12-05,1.0,1.4073100090026855
2024-12-06,1.0,1.40215003490448
2024-12-09,1.0,1.4147800207138062
2024-12-10,1.0,1.417199969291687
2024-12-11,1.0,1.4174400568008423
2024-12-12,1.0,1.4148900508880615
2024-12-13,1.0,1.421720027923584
2024-12-16,1.0,1.4225900173187256
2024-12-17,1.0,1.4234700202941895
2024-12-18,1.0,1.4309699535369873
2024-12-19,1.0,1.4460999965667725
2024-12-20,1.0,1.440310001373291
2024-12-23,1.0,1.4361300468444824
2024-12-24,1.0,1.4374200105667114
2024-12-26,1.0,1.4353599548339844
2024-12-27,1.0,1.4410400390625
2024-12-30,1.0,1.4403400421142578
2024-12-31,1.0,1.434980034828186
2025-01-02,1.0,1.437459945678711
2025-01-03,1.0,1.4402999877929688
2025-01-06,1.0,1.444000005722046
2025-01-07,1.0,1.433859944343567
2025-01-08,1.0,1.4364099502563477
2025-01-09,1.0,1.4377000331878662
2025-01-10,1.0,1.4401600360870361
2025-01-13,1.0,1.4414900541305542
2025-01-14,1.0,1.4362800121307373
2025-01-15,1.0,1.4351500272750854
2025-01-16,1.0,1.4326200485229492
2025-01-17,1.0,1.439579963684082
2025-01-20,1.0,1.4474300146102905
2025-01-21,1.0,1.4302599430084229
2025-01-22,1.0,1.4342700242996216
2025-01-23,1.0,1.4393600225448608
2025-01-24,1.0,1.4378399848937988
2025-01-27,1.0,1.4385099411010742
2025-01-28,1.0,1.4400999546051025
2025-01-29,1.0,1.4399900436401367
2025-01-30,1.0,1.4399000406265259
2025-01-31,1.0,1.4493000507354736
2025-02-03,1.0,1.4716999530792236
2025-02-04,1.0,1.4417999982833862
2025-02-05,1.0,1.43340003490448
2025-02-06,1.0,1.4315299987792969
2025-02-07,1.0,1.430609941482544
2025-02-10,1.0,1.4331799745559692
2025-02-11,1.0,1.4336600303649902
2025-02-12,1.0,1.4285099506378174
2025-02-13,1.0,1.4300700426101685
2025-02-14,1.0,1.4192099571228027
2025-02-18,1.0,1.4184999465942383
2025-02-19,1.0,1.4189200401306152
2025-02-20,1.0,1.4240399599075317
2025-02-21,1.0,1.4176000356674194
2025-02-24,1.0,1.4211599826812744
2025-02-25,1.0,1.4276000261306763
2025-02-26,1.0,1.4300700426101685
2025-02-27,1.0,1.4335999488830566
2025-02-28,1.0,1.444350004196167
2025-03-03,1.0,1.444100022315979
2025-03-04,1.0,1.4490000009536743
2025-03-05,1.0,1.439710021018982
2025-03-06,1.0,1.433859944343567
2025-03-07,1.0,1.429110050201416
2025-03-10,1.0,1.437019944190979
2025-03-11,1.0,1.4428900480270386
2025-03-12,1.0,1.4432400465011597
2025-03-13,1.0,1.436169981956482
2025-03-14,1.0,1.442579984664917
2025-03-17,1.0,1.4369200468063354
2025-03-18,1.0,1.4295099973678589
2025-03-19,1.0,1.4299499988555908
2025-03-20,1.0,1.4319000244140625
2025-03-21,1.0,1.4322700500488281
2025-03-24,1.0,1.43326997756958
2025-03-25,1.0,1.4316099882125854
2025-03-26,1.0,1.427299976348877
2025-03-27,1.0,1.4294999837875366
2025-03-28,1.0,1.4307500123977661
2025-03-31,1.0,1.4309099912643433
2025-04-01,1.0,1.4390699863433838
2025-04-02,1.0,1.4292099475860596
2025-04-03,1.0,1.4216500520706177
2025-04-04,1.0,1.4081000089645386
2025-04-07,1.0,1.4241100549697876
2025-04-08,1.0,1.4237799644470215
2025-04-09,1.0,1.4253000020980835
2025-04-10,1.0,1.4101300239562988
2025-04-11,1.0,1.3950999975204468
2025-04-14,1.0,1.3873900175094604
2025-04-15,1.0,1.3899999856948853
2025-04-16,1.0,1.3956999778747559
2025-04-17,1.0,1.3859699964523315
2025-04-21,1.0,1.3859699964523315
2025-04-22,1.0,1.383430004119873
2025-04-23,1.0,1.3847099542617798
2025-04-24,1.0,1.387410044670105
2025-04-25,1.0,1.3858000040054321
2025-04-28,1.0,1.3870799541473389
2025-04-29,1.0,1.3830100297927856
2025-04-30,1.0,1.382680058479309
2025-05-01,1.0,1.3789600133895874
2025-05-02,1.0,1.3846499919891357
2025-05-05,1.0,1.3822300434112549
2025-05-06,1.0,1.3821899890899658
2025-05-07,1.0,1.3769400119781494
2025-05-08,1.0,1.3834199905395508
2025-05-09,1.0,1.392449975013733
2025-05-12,1.0,1.3924000263214111
2025-05-13,1.0,1.397420048713684
2025-05-14,1.0,1.3932000398635864
2025-05-15,1.0,1.3978999853134155
2025-05-16,1.0,1.3954700231552124
2025-05-19,1.0,1.395259976387024
2025-05-20,1.0,1.3956899642944336
2025-05-21,1.0,1.3909300565719604
2025-05-22,1.0,1.386080026626587
2025-05-23,1.0,1.3858000040054321
2025-05-26,1.0,1.3737200498580933
2025-05-27,1.0,1.373579978942871
2025-05-28,1.0,1.38100004196167
2025-05-29,1.0,1.3851100206375122
2025-05-30,1.0,1.3805700540542603
2025-06-02,1.0,1.3726199865341187
2025-06-03,1.0,1.3710700273513794
2025-06-04,1.0,1.371500015258789
2025-06-05,1.0,1.3679100275039673
2025-06-06,1.0,1.36667001247406
2025-06-09,1.0,1.3690600395202637
2025-06-10,1.0,1.3698899745941162
2025-06-11,1.0,1.3668299913406372
2025-06-12,1.0,1.366569995880127
2025-06-13,1.0,1.3596500158309937
2025-06-16,1.0,1.3583999872207642
2025-06-17,1.0,1.357450008392334
2025-06-18,1.0,1.3683600425720215
2025-06-19,1.0,1.3696000576019287
2025-06-20,1.0,1.3695499897003174
2025-06-23,1.0,1.3739299774169922
2025-06-24,1.0,1.3728599548339844
2025-06-25,1.0,1.3726600408554077
2025-06-26,1.0,1.3711999654769897
2025-06-27,1.0,1.3643100261688232
2025-06-30,1.0,1.3681399822235107
2025-07-01,1.0,1.3605400323867798
2025-07-02,1.0,1.3644299507141113
2025-07-03,1.0,1.3587100505828857
2025-07-04,1.0,1.357300043106079
2025-07-07,1.0,1.3603299856185913
2025-07-08,1.0,1.366529941558838
2025-07-09,1.0,1.3668400049209595
2025-07-10,1.0,1.368399977684021
2025-07-11,1.0,1.365630030632019
2025-07-14,1.0,1.368399977684021
2025-07-15,1.0,1.3704700469970703
2025-07-16,1.0,1.3716399669647217
2025-07-17,1.0,1.3689299821853638
2025-07-18,1.0,1.3735899925231934
2025-07-21,1.0,1.3724000453948975
2025-07-22,1.0,1.3675800561904907
2025-07-23,1.0,1.3604300022125244
2025-07-24,1.0,1.3601499795913696
2025-07-25,1.0,1.3640600442886353
2025-07-28,1.0,1.37021005153656
2025-07-29,1.0,1.3734300136566162
2025-07-30,1.0,1.3773900270462036
2025-07-31,1.0,1.3825199604034424
2025-08-01,1.0,1.385699987411499
2025-08-04,1.0,1.3778300285339355
2025-08-05,1.0,1.3767999410629272
2025-08-06,1.0,1.3770699501037598
2025-08-07,1.0,1.37391996383667
2025-08-08,1.0,1.3732500076293945
2025-08-11,1.0,1.3752700090408325
2025-08-12,1.0,1.377369999885559
2025-08-13,1.0,1.376960039138794
2025-08-14,1.0,1.3752100467681885
2025-08-15,1.0,1.381309986114502
2025-08-18,1.0,1.381500005722046
2025-08-19,1.0,1.380210041999817
2025-08-20,1.0,1.3866000175476074
2025-08-21,1.0,1.387279987335205
2025-08-22,1.0,1.3900400400161743
2025-08-25,1.0,1.3828799724578857
2025-08-26,1.0,1.3859299421310425
2025-08-27,1.0,1.3833400011062622
2025-08-28,1.0,1.3781399726867676
2025-08-29,1.0,1.3749799728393555
2025-09-02,1.0,1.3747400045394897
2025-09-03,1.0,1.3784500360488892
2025-09-04,1.0,1.3793100118637085
2025-09-05,1.0,1.381500005722046
2025-09-08,1.0,1.3833999633789062
2025-09-09,1.0,1.3795000314712524
2025-09-10,1.0,1.384660005569458
2025-09-11,1.0,1.3860499858856201
2025-09-12,1.0,1.383370041847229
2025-09-15,1.0,1.3839000463485718
2025-09-16,1.0,1.3774000406265259
2025-09-17,1.0,1.3738800287246704
2025-09-18,1.0,1.3769899606704712
2025-09-19,1.0,1.3791799545288086
2025-09-22,1.0,1.3782000541687012
2025-09-23,1.0,1.3824900388717651
2025-09-24,1.0,1.3839099407196045
2025-09-25,1.0,1.3896000385284424
2025-09-26,1.0,1.3940999507904053
2025-09-29,1.0,1.39382004737854
2025-09-30,1.0,1.3916200399398804
2025-10-01,1.0,1.3923499584197998
2025-10-02,1.0,1.3939499855041504
2025-10-03,1.0,1.396090030670166
2025-10-06,1.0,1.3964999914169312
2025-10-07,1.0,1.3946000337600708
2025-10-08,1.0,1.3952800035476685
2025-10-09,1.0,1.3954600095748901
2025-10-10,1.0,1.4018800258636475
2025-10-13,1.0,1.3998500108718872
2025-10-14,1.0,1.4039000272750854
2025-10-15,1.0,1.4045000076293945
2025-10-16,1.0,1.4046000242233276
2025-10-17,1.0,1.4046000242233276
2025-10-20,1.0,1.4015899896621704
2025-10-21,1.0,1.4033000469207764
2025-10-22,1.0,1.4019900560379028
2025-10-23,1.0,1.3995599746704102
