ticker,shares,currency,first_purchase_date,current_price,avg_price,market_value,book_value,dividends,realized_pnl,unrealized_pnl,total_return,total_return_cad_normalized,total_return_pct,annualized_return_pct,mv_cad_normalized,invested_capital,invested_capital_cad,sector,asset_class,status,holding_weight
BIL,310.0,USD,2025-11-25,91.47000122070312,91.6699,28355.70037841797,28417.668999999998,945.5,0.0,-61.9686215820293,883.5313784179707,1256.7084887022036,3.1090916655337595,3.5767393512758483,40332.29632711067,28417.668999999998,40420.4386327238,ETF Fixed Income,ETF Fixed Income,Open,23.52280501130991
GOOG,29.0,USD,2025-06-17,344.8599853515625,177.18,10000.939575195312,5138.22,31.029999999999998,0.0,4862.719575195312,4893.749575195312,6960.722372693563,95.2421183833178,66.50153003269747,14225.035993232275,5138.22,7308.449760303498,"Technology, Media, Telecom",Equity,Open,8.296397141234605
AMAT,19.0,USD,2024-12-23,509.57000732421875,164.05,9681.830139160156,3116.9500000000003,62.7,0.0,6564.8801391601555,6627.580139160155,9426.87087735388,212.63030010619852,88.7369823947055,13771.14431843016,3116.9500000000003,4433.4560373783115,"Technology, Media, Telecom",Equity,Open,8.031676152475772
CEG,25.0,USD,2023-04-27,285.07000732421875,76.42,7126.750183105469,1910.5,127.275,0.0,5216.250183105469,5343.525183105468,7600.469684762985,279.6924984614221,47.13575717927139,10136.875351281196,1910.5,2717.4378027915955,Industrials,Equity,Open,5.91207950021583
ACO-X.TO,122.0,CAD,2024-12-23,79.76000213623047,47.22,9730.720260620117,5760.84,436.272,0.0,3969.880260620117,4406.152260620117,6267.178601342451,76.48454497295735,37.2390705026135,9730.720260620117,5760.84,8194.045742912293,Industrials,Equity,Open,5.675199682501372
SCHP,256.0,USD,2025-03-25,25.200000762939453,26.6199,6451.2001953125,6814.6944,500.736,0.0,-363.4942046875003,137.24179531249968,195.2086064931552,2.013909755256225,1.3010608394906864,9175.993344212882,6814.6944,9693.016580493164,ETF Fixed Income,ETF Fixed Income,Open,5.3516690562423985
RY.TO,33.0,CAD,2025-07-14,273.7799987792969,180.31,9034.739959716797,5950.2300000000005,267.96,0.0,3084.5099597167964,3352.4699597167964,4768.452552346318,56.341855015970744,43.4564457531942,9034.739959716797,5950.2300000000005,8463.428389062881,Financials,Equity,Open,5.269286545865583
IAU,70.0,USD,2025-10-15,77.66000366210938,77.7999,5436.200256347656,5445.9929999999995,0.0,0.0,-9.792743652343233,-9.792743652343233,-13.92890436740379,-0.17981557545783175,-0.1828181009449925,7732.287924702687,5445.9929999999995,7746.21682907009,Absolute Return,Gold,Open,4.509663909759272
GSL,101.0,USD,2023-12-27,45.47999954223633,20.29,4593.479953765869,2049.29,570.65,0.0,2544.189953765869,3114.8399537658693,4430.454771007066,151.99605491491536,39.33483281846228,6533.627884181504,2049.29,2914.8485291194916,Industrials,Equity,Open,3.810575363465025
XBB.TO,184.0,CAD,2023-04-27,27.40999984741211,28.150000000000002,5043.439971923828,5179.6,1374.951000000001,116.97000000000298,-136.16002807617224,1355.7609719238317,1928.3936752971972,26.17501297250428,6.961386220935717,5043.439971923828,5179.6,7367.307429122925,ETF Fixed Income,ETF Fixed Income,Open,2.941460463436731
L.TO,80.0,CAD,2023-04-27,62.63999938964844,31.5,5011.199951171875,2520.0,80.64000000000001,0.0,2491.199951171875,2571.839951171875,3658.107880682619,102.05714091951886,22.5802120166118,5011.199951171875,2520.0,3584.3722915649414,Consumer and Healthcare,Equity,Open,2.92265727614588
APO,30.0,USD,2023-04-27,115.30000305175781,62.36,3459.0000915527344,1870.8,202.14000000000001,0.0,1588.2000915527344,1790.3400915527345,2546.5259589839134,95.69917102591054,21.451044143112096,4919.977811381832,1870.8,2660.969715499878,Financials,Equity,Open,2.8694542403060073
CGY.TO,60.0,CAD,2025-10-15,80.52999877929688,52.89,4831.7999267578125,3173.4,67.2,0.0,1658.3999267578124,1725.5999267578125,2454.4414935703157,54.377006578364295,55.501439657316375,4831.7999267578125,3173.4,4513.74882144928,Industrials,Equity,Open,2.8180266902974953
ISRG,8.0,USD,2022-05-05,415.4100036621094,238.04,3323.280029296875,1904.32,0.0,0.0,1418.960029296875,1418.960029296875,2018.286115813451,74.51268848181373,13.384336886243386,4726.93367227097,1904.32,2708.6475564575194,Consumer and Healthcare,Equity,Open,2.7568660651609025
FFH.TO,2.0,CAD,2025-06-17,2250.889892578125,2415.0,4501.77978515625,4830.0,41.634,0.0,-328.22021484375,-286.58621484375,-407.63162207556144,-5.933462005046584,-4.554055160197612,4501.77978515625,4830.0,6870.046892166138,Financials,Equity,Open,2.625550681053254
AER,21.0,USD,2024-12-23,142.80999755859375,95.05,2999.0099487304688,1996.05,42.209999999999994,0.0,1002.9599487304688,1045.1699487304688,1486.6183350023186,52.3619122131444,26.446912955446898,4265.701651729003,1996.05,2839.1215526103974,Financials,Equity,Open,2.4878640029875085
TEX,56.0,USD,2022-05-05,52.349998474121094,34.66,2931.5999145507812,1940.9599999999998,162.4,0.0,990.6399145507814,1153.0399145507815,1640.0493336445354,59.40565053122072,11.091858972411671,4169.81964431348,1940.9599999999998,2760.7631916809078,Industrials,Equity,Open,2.4319432156800858
LUNR,160.0,USD,2025-10-15,13.699999809265137,12.48,2191.999969482422,1996.8000000000002,0.0,0.0,195.1999694824217,195.1999694824217,277.6465721932994,9.77563949731679,9.94689167342755,3117.8349022714247,1996.8000000000002,2840.188330078125,Absolute Return,Equity,Open,1.8183993757451686
WFG.TO,23.0,CAD,2023-12-28,91.5999984741211,112.4,2106.799964904785,2585.2000000000003,120.888,0.0,-478.4000350952151,-357.5120350952151,-508.514377974715,-13.82918285220544,-5.206615697418782,2106.799964904785,2585.2000000000003,3677.1108127594,Natural Resources,Equity,Open,1.2287384871507525
CSH-UN.TO,107.0,CAD,2023-12-28,19.350000381469727,11.6,2070.4500408172607,1241.2,186.28699999999986,0.0,829.2500408172607,1015.5370408172605,1444.4693770489062,81.81896880577348,23.958379534660068,2070.4500408172607,1241.2,1765.4455905914308,Consumer and Healthcare,Equity,Open,1.2075383013355947
VEEV,5.0,USD,2023-12-27,284.8399963378906,189.04,1424.1999816894531,945.1999999999999,0.0,0.0,478.9999816894532,478.9999816894532,681.3151833443612,50.6771034373099,15.851306286141842,2025.7392666726082,945.1999999999999,1344.424083328247,"Technology, Media, Telecom",Equity,Open,1.181461858437836
AMSF,45.0,USD,2023-12-27,24.739999771118164,47.2,1113.2999897003174,2124.0,372.15,0.0,-1010.7000102996826,-638.5500102996826,-908.2543506732899,-30.063559806953045,-12.044238535397211,1583.524458444981,2124.0,3021.1137886047363,Financials,Equity,Open,0.9235511106171089
WSC,60.0,USD,2024-12-23,16.850000381469727,33.59,1011.0000228881836,2015.4,29.4,0.0,-1004.3999771118165,-974.9999771118165,-1386.810675490495,-48.377492165913296,-30.820241783744596,1438.016059052352,2015.4,2866.6444112777713,Industrials,Equity,Open,0.8386869690204924
TMUS,4.0,USD,2024-12-23,171.30999755859375,220.52,685.239990234375,882.08,26.879999999999995,0.0,-196.84000976562504,-169.96000976562505,-241.74601177698938,-19.268094704065962,-11.243378723531016,974.6647754239384,882.08,1254.644091644287,"Technology, Media, Telecom",Equity,Open,0.5684488995554273
AAPL,0.0,USD,2023-04-27,340.4200134277344,0.0,0.0,0.0,8.879999999999999,123.24000000000001,0.0,132.12,187.9235187149048,19.970977689098497,8.882034129959603,0.0,661.56,940.9830687332153,"Technology, Media, Telecom",Equity,Closed,0.0
AGG,0.0,USD,2023-04-27,94.62999725341797,0.0,0.0,0.0,776.819,127.73999999999978,0.0,904.5589999999997,1286.6175459070203,5.96531178179396,3.076266323883048,0.0,15163.65,21568.3201980114,ETF Fixed Income,ETF Fixed Income,Closed,0.0
BLBD,0.0,USD,2024-12-23,56.189998626708984,0.0,0.0,0.0,0.0,87.96199999999999,0.0,87.96199999999999,125.11450615501403,3.6432541687721067,7.749228691547261,0.0,2414.38,3434.1415767097474,Consumer and Healthcare,Equity,Closed,0.0
EA,0.0,USD,2022-05-05,209.6999969482422,0.0,0.0,0.0,0.0,446.4000000000001,0.0,446.4000000000001,634.9459487915041,22.949740890022216,6.681220689788248,0.0,1945.12,2766.6802507019042,"Technology, Media, Telecom",Equity,Closed,0.0
CG,0.0,USD,2024-12-23,38.38999938964844,0.0,0.0,0.0,35.699999999999996,392.19000000000005,0.0,427.89000000000004,608.6178808879853,16.656740123089143,31.918548228793007,0.0,2568.87,3653.8835113620758,Financials,Equity,Closed,0.0
HBM.TO,0.0,CAD,2023-04-27,37.2400016784668,0.0,0.0,0.0,9.0,1437.75,0.0,1446.75,2057.8137352466583,96.25748502994011,37.04153262869359,0.0,1503.0,2137.822045326233,Natural Resources,Equity,Closed,0.0
DOLE,0.0,USD,2024-12-23,13.020000457763672,0.0,0.0,0.0,17.82,33.47999999999979,0.0,51.29999999999979,72.96757879257173,3.4395365677045477,7.307970403258013,0.0,1491.48,2121.4363434219363,Consumer and Healthcare,Equity,Closed,0.0
MA,0.0,USD,2022-05-05,574.760009765625,0.0,0.0,0.0,40.89999999999999,984.4999999999995,0.0,1025.3999999999996,1458.498153877258,57.21938561982085,15.216183680451522,0.0,1792.0500000000002,2548.9580813884736,Financials,Equity,Closed,0.0
MP,0.0,USD,2024-12-23,46.13999938964844,0.0,0.0,0.0,0.0,7639.1,0.0,7639.1,10865.62633829117,196.471329552615,605.7304343865206,0.0,3888.1499999999996,5530.387748193741,Natural Resources,Equity,Closed,0.0
SPY,0.0,USD,2023-04-27,773.9299926757812,0.0,0.0,0.0,398.4949999999999,4867.252500000002,0.0,5265.747500000002,7489.84104499102,36.98284913631146,17.88698128680295,0.0,14238.35,20252.201276826858,ETF Equity,Equity,Closed,0.0
SPSB,0.0,USD,2023-12-27,29.610000610351562,0.0,0.0,0.0,538.88,99.26399999999921,0.0,638.1439999999992,907.6768538207997,6.707702657248562,5.358215301384095,0.0,9513.6,13531.858822631837,ETF Fixed Income,ETF Fixed Income,Closed,0.0
TLT,0.0,USD,2025-03-25,77.87000274658203,0.0,0.0,0.0,441.225,-164.22750000000087,0.0,276.99749999999915,393.99292215585587,1.3703265475584858,3.001136228117929,0.0,20213.9775,28751.75430687189,ETF Fixed Income,ETF Fixed Income,Closed,0.0
XIU.TO,0.0,CAD,2023-04-27,53.08000183105469,0.0,0.0,0.0,1042.806,3273.269999999999,0.0,4316.075999999999,6139.056834400176,21.91591262224659,12.6769430030113,0.0,19693.8,28011.869458580015,ETF Equity,ETFEquity,Closed,0.0
