Date,XIU.TO,SPY,AGG,XBB.TO,Total,pct_change
2022-05-02,30493.497,30493.497,20368.495975133148,20328.998000000003,101684.48797513316,
2022-05-03,30800.543868342036,30683.329158582823,20447.62945662576,20307.297031272727,102238.79951482335,0.005451289087729405
2022-05-04,31165.161647567355,31519.000105420742,20514.95278029121,20437.516421828746,103636.63095510806,0.013672220790132084
2022-05-05,30483.903858484005,30169.91440567716,20159.337157055124,20234.950913824217,101048.1063350405,-0.024976927522748382
2022-05-06,30397.545481861198,30201.266548547188,20216.04449454466,20119.196824169,100934.05334912206,-0.0011286998841946172
2022-05-09,29543.572949830126,29442.16318549286,20459.816163157346,20249.423758165205,99694.97605664554,-0.012276107531227876
2022-05-10,29390.05253110594,29716.245621364877,20665.119503506274,20213.249945096934,99984.66760107402,0.00290577876525977
2022-05-11,29332.481620222658,29295.424115322745,20778.02929756183,20249.423758165205,99655.35879127245,-0.0032935930848464468
2022-05-12,29198.14547423257,29182.197348498623,20757.588241081936,20357.939162617873,99495.870226431,-0.0016004012907674392
2022-05-13,29697.099399447976,29945.874876558853,20714.691314983324,20321.763840861568,100679.42943185172,0.01189556111954393
2022-05-16,29821.83235243264,29558.481359865655,20575.996076024338,20365.167287004166,100321.4770753268,-0.0035553673530422936
2022-05-17,30196.041262876064,30033.287547622214,20373.679760792184,20206.012768582423,100809.0213398729,0.004859819440058866
2022-05-18,29629.93132645293,28728.616882821585,20388.574091701623,20292.82418693173,99039.94648790786,-0.017548775183529264
2022-05-19,29697.099399447976,28722.316780150475,20561.59378944423,20357.939162617873,99338.94913166056,0.0030190105543848045
2022-05-20,29754.66830003337,28590.782323087962,20520.05149234083,20437.516421828746,99303.01853729092,-0.0003616969444887319
2022-05-23,29754.66830003337,29108.452105303688,20440.4233169406,20437.516421828746,99741.06014410639,0.004411161042914058
2022-05-24,30162.514817392403,28830.100272843436,20557.141405634815,20547.865763320442,100097.62225919109,0.0035748779346191917
2022-05-25,30278.484881888337,29165.101560696097,20699.27846482879,20605.882361791497,100748.74726920473,0.006504899869925307
2022-05-26,30462.105490872156,29742.755234270695,20679.84527623373,20569.622553505098,101454.32855488168,0.007003375275640877
2022-05-27,30810.00563287053,30360.72201221824,20637.330650944594,20613.13462518638,102421.19292121974,0.009530045490518724
2022-05-30,31032.28225992036,30243.538149501524,20557.67634888727,20569.622553505098,102403.11931181425,-0.00017646357057554685
2022-05-31,30781.01512704443,29911.937276021752,20317.650883607064,20475.34916412373,101485.95245079699,-0.008956434795941326
2022-06-01,30761.68611286248,29632.019675825406,20248.41917820956,20388.328038137242,101030.4530050347,-0.004488300447129667
2022-06-02,31215.900858606303,30259.147061344993,20316.093788048496,20352.068229850847,102143.20993785064,0.011014074466839219
2022-06-03,30858.329173474354,29538.12957065195,20129.749499434736,20265.047103864366,100791.25534742541,-0.013235873351227445
2022-06-06,30887.319679300446,29663.657479463385,20030.9291198282,20098.245045781987,100680.15132437402,-0.0011023180797621324
2022-06-07,31022.618757978333,29936.536852836143,20099.24775430504,20054.73750016482,101113.14086528432,0.004300644518454133
2022-06-08,30800.342130928497,29508.906648356708,19948.218634763045,19967.710339426183,100225.17775347443,-0.00878187646245654
2022-06-09,30491.09197610248,28842.488698968573,19951.304470738833,20032.982218668196,99317.86736447808,-0.009052719180285052
2022-06-10,30036.883261252322,28342.418914582635,20035.14698931023,19858.932423255043,98273.38158840023,-0.010516594886646025
2022-06-13,29360.397919352326,27470.020642230804,19855.2345921978,19626.866029370838,96312.51918315177,-0.019953138617547106
2022-06-14,29138.12732319615,27584.978458322403,19880.60024615283,19474.576041518416,96078.2820691898,-0.002432052613186686
2022-06-15,29176.78133096428,28097.185759897984,20186.035041599003,19655.876591638418,97115.87872409968,0.010799492169964786
2022-06-16,28326.34893351193,27017.436177461925,20122.63222640645,19728.400734275318,95194.81807165562,-0.01978111795602111
2022-06-17,28268.359880668188,27366.572850945504,20246.29086154597,19757.403753102713,95638.62734626238,0.004662115896610031
2022-06-20,28664.587583866152,27465.23312834428,20319.281538295163,19706.64243540262,96155.74468590823,0.005406992488229845
2022-06-21,28732.232097460383,28113.06326854028,20209.49765304102,19619.616783352027,96674.40980239371,0.00539401070814538
2022-06-22,28422.981942634364,27954.449859956356,20302.352375909122,19721.145453504356,96400.9296320042,-0.0028288786137770083
2022-06-23,28046.087274214126,28296.913215217846,20436.90361037653,19895.192231541438,96675.09633134994,0.0028440254714587887
2022-06-24,28529.290515486155,29245.17133150839,20441.402086744565,19922.686574401127,98138.55050814024,0.015137861065836145
2022-06-27,28799.882641948265,28932.03795308987,20209.69769811057,19842.71554761254,97784.33384076125,-0.003609352956049694
2022-06-28,28703.24360193217,28281.592964889427,20173.651536606525,19864.528159254573,97023.01626268271,-0.007785680468185396
2022-06-29,28567.942512956397,28267.44582413011,20295.764596588888,19988.10177900667,97119.25471268206,0.0009919136067548795
2022-06-30,28268.359880668188,28061.211766946002,20403.94340972726,20075.341664758555,96808.85672210001,-0.0031960499645546925
2022-07-01,28268.359880668188,28335.584587328438,20598.672765501942,20075.341664758555,97277.95889825713,0.004845653507754122
2022-07-04,28490.632487122253,28362.65746538526,20618.353508427645,20148.034780455622,97619.67824139078,0.003512813663072878
2022-07-05,28287.690905148025,28352.707778251413,20610.401339651355,20271.612926271828,97522.41294932264,-0.0009963697260672033
2022-07-06,28123.40132064404,28840.792022002206,20755.141726872276,20133.498571217064,97852.83364073558,0.0033881513123004137
2022-07-07,28558.285041908028,29269.116188519987,20707.273297141935,20082.60901503381,98617.28354260376,0.007812240825593619
2022-07-08,28509.961501304202,29092.56413244805,20522.658456238045,20038.992843877964,98164.17693386826,-0.0045945963269181656
2022-07-11,28220.04237095803,28719.465071253308,20587.167488006275,20075.341664758555,97602.01659497617,-0.005726736131764332
2022-07-12,28026.758260032173,28571.50302249734,20691.449172784392,20162.575515758283,97452.28597107218,-0.0015340935477320405
2022-07-13,27939.780711660223,28501.933313016467,20824.5103875598,20191.64944292343,97457.87385515992,5.733969226140445e-05
2022-07-14,27456.57948068608,28366.681004056216,20703.186255500594,20177.111724996837,96703.55846523972,-0.007739912231629953
2022-07-15,27543.55300846226,29144.42531188265,20955.233827577074,20249.809366758014,97893.02151467999,0.012300095966663038
2022-07-18,27785.158649694047,28687.37362575513,20730.87353642618,20249.809366758014,97453.21517863337,-0.004492724090456868
2022-07-19,28268.359880668188,29395.544377015998,20657.849271878153,20264.348593372648,98586.10212293499,0.011624931432226315
2022-07-20,28374.66845351998,29330.524749746593,20468.164382869098,20249.809366758014,98423.16695289368,-0.0016527194658546573
2022-07-21,28461.63997099827,29655.82815552158,20657.601866612556,20453.35703067477,99228.42702380718,0.00818161105605264
2022-07-22,28355.33541874225,29370.395310444615,20809.713741481366,20620.552856334863,99155.99732700309,-0.0007299289021955868
2022-07-25,28558.285041908028,29512.33674328103,20808.685086177145,20633.408399169464,99512.71527053566,0.003597542792658004
2022-07-26,28355.33541874225,28997.856179741742,20685.710244082093,20684.42166777177,98723.32351033785,-0.007932571813076938
2022-07-27,28770.896156717943,29800.9333589787,20794.766161500345,20706.276522678847,100072.87219987583,0.013670008682362234
2022-07-28,29012.491746460295,30040.531519649172,20850.761314241947,20932.16031298655,100835.94489333796,0.0076251703052756525
2022-07-29,29350.73240711241,30452.711840799395,20836.320451191907,20910.299423327328,101550.06412243104,0.007081990750901879
2022-08-01,29350.73240711241,30383.27602908023,20965.6742145415,20910.299423327328,101609.98207406147,0.0005900336168984666
2022-08-02,29089.805792890216,30248.392285802205,20796.666582370264,20801.005535847456,100935.87019691014,-0.006634307608281875
2022-08-03,29167.11782902225,30827.33594407843,20961.53263271604,20786.42708334386,101742.41348916058,0.00799065080309913
2022-08-04,29254.097387692083,30724.604384372324,20955.785926114768,20844.718263037685,101779.20596121685,0.0003616237397414679
2022-08-05,29292.7534057581,30712.493465294065,20750.354441464104,20757.283756529003,101512.88506904527,-0.002616653270738456
2022-08-08,29283.081862624516,30854.07746536252,20964.890836076516,20815.571918846756,101917.6220829103,0.003987050644750578
2022-08-09,29167.11782902225,30524.29621241153,20777.12439074818,20779.14464618823,101247.68307837019,-0.006573338259355244
2022-08-10,29630.992056112325,31232.937209080774,20875.999885708683,20837.43280850598,102577.36195940778,0.013132931447017437
2022-08-11,29795.28164061631,30961.71468636626,20585.306159277174,20713.563485898587,102055.86597215832,-0.005083928629942891
2022-08-12,30104.53782633598,31456.480210452522,20658.852288691192,20793.712537875566,103013.58286335526,0.009384241484543532
2022-08-15,30133.524311566307,31626.691053907216,20711.587137711398,20779.14464618823,103250.94714937315,0.002304203770222779
2022-08-16,30288.14838383037,31996.126280091754,20882.568796908366,20779.14464618823,103945.98810701871,0.006731569799936388
2022-08-17,30181.845841872237,31626.581455216285,20666.360973387982,20640.698379765283,103115.48665024179,-0.007989740363253617
2022-08-18,30307.479408310206,31896.91997343321,20827.099362629517,20633.408399169464,103664.9071435424,0.005328205404918407
2022-08-19,30104.53782633598,31541.305417229054,20729.169961933134,20516.827548469853,102891.84075396802,-0.007457358626713817
2022-08-22,29940.244221236226,31013.984945219283,20725.260398587867,20451.249405556282,102130.73897059966,-0.007397105327217157
2022-08-23,29882.25918898826,31053.007840859194,20793.343448102565,20414.810063393463,102143.42054134348,0.00012416996950803671
2022-08-24,29862.930174806308,30936.907479725323,20595.280745950866,20320.088593665045,101715.20699414753,-0.0041922773383393785
2022-08-25,30358.507282043323,31401.725720024893,20727.930345205437,20478.927808356515,102967.09115563017,0.012307738424547132
2022-08-26,29939.81248966205,30266.430483032855,20637.40033809359,20515.44861967335,101359.09193046184,-0.015616632529104946
2022-08-29,29881.389212474754,30354.593155329425,20735.057067095007,20420.50235542738,101391.54179032656,0.00032014749981157387
2022-08-30,29404.271142906186,29884.792118354093,20666.117709289265,20457.02316674421,100412.20413729375,-0.009658967954723874
2022-08-31,29112.158777565466,29859.524677938985,20696.242403670123,20383.98154411055,100051.90740328512,-0.0035881767271634946
2022-09-01,28907.6813280057,30071.143560215547,20734.09628876911,20289.032262488505,100001.95343947886,-0.0004992804745330703
2022-09-02,29092.687032233545,29763.96405820818,20799.575049112154,20457.02316674421,100113.2493062981,0.0011129369276430268
2022-09-06,28820.04641222475,29616.034244498973,20581.67828351113,20281.724177636246,99299.4831178711,-0.008128456463711964
2022-09-07,29053.739520973944,30202.81255748217,20762.186152373866,20332.853615217413,100351.5918460474,0.010595309211503423
2022-09-08,29326.374110089084,30344.18446094651,20658.8921216771,20245.209401071563,100574.66009378426,0.0022228670580439758
2022-09-09,29881.389212474754,30698.444746246194,20579.597093036322,20325.550056429263,101484.98110818653,0.009051196529557437
2022-09-12,30163.76972574529,30889.957911698606,20458.181677142413,20340.1586826936,101852.06799727991,0.0036171548251267005
2022-09-13,29647.700124321334,29454.30686010394,20277.055329124567,20267.11706005994,99646.17937360978,-0.021657769616705735
2022-09-14,29764.542658100156,29982.39960450534,20589.167734604613,20310.936904100807,100647.04690131091,0.010044213777113509
2022-09-15,29560.065208540393,29638.677522712314,20524.271855199935,20347.460732793716,100070.47531924635,-0.005728648776251788
2022-09-16,29316.638237423125,29732.891904989494,20644.70213446571,20376.67496794632,100070.90724482466,4.316213917610057e-06
2022-09-19,29589.27483683615,29986.8574339013,20631.118048158816,20340.1586826936,100547.40900158985,0.0047616412190549795
2022-09-20,29336.111993052928,29612.438629713197,20517.159883407112,20398.58715299881,99864.29765917204,-0.006793922878778669
2022-09-21,29024.52386178452,29363.059573639133,20767.096749778815,20486.235893208777,99640.91607841126,-0.002236851267138129
2022-09-22,28829.78228489071,29370.65111675479,20726.049861606527,20391.2851028987,99317.76836615073,-0.00324312265461546
2022-09-23,28109.237244204876,28866.535547618114,20651.30477237819,20484.48733584315,98111.56490004434,-0.012144890949014608
2022-09-26,27914.49365701318,28816.25974084988,20554.56970748134,20389.3147683916,97674.637873736,-0.0044533692511526946
2022-09-27,27875.54614575357,29018.06768445092,20663.31167452349,20133.061087894785,97689.98659262276,0.00015714129297927926
2022-09-28,28342.92834265618,29609.6096465679,21011.004242286326,20491.808998887747,99455.35123039816,0.018071091002777484
2022-09-29,28041.076084053733,28796.621774202267,20757.70999557795,20323.421309678255,97918.82916351222,-0.015449365447681496
2022-09-30,28011.870476353746,28452.276809505864,20779.603827269966,20301.454811856423,97545.205924986,-0.0038156424225855856
2022-10-03,28625.302825033054,29437.463156938047,21168.808845882242,20323.421309678255,99554.99613753159,0.020603680042370787
2022-10-04,29355.58574868273,29991.19748480581,20979.78754927645,20360.025098837137,100686.59588160213,0.01136657915698458
2022-10-05,29121.896660529314,29652.573846210995,20683.183262763403,20162.347740073175,99620.00150957689,-0.010593211168639094
2022-10-06,28722.673613479958,29550.116827318023,20743.875054870823,20133.061087894785,99149.72658356358,-0.004720687802520329
2022-10-07,28177.40041465391,29035.60889462574,20852.745415479727,20030.560822646486,98096.31554740586,-0.010624447211862953
2022-10-10,28177.40041465391,28797.238750682063,20746.892507008823,20030.560822646486,97752.09249499129,-0.0035090314095255204
2022-10-11,27632.119174636307,28705.909621238883,20824.632611296136,19920.73889435359,97083.40030152492,-0.006840694417877935
2022-10-12,27593.1716633767,28646.360162078716,20866.833655099483,19928.06055739819,97034.42603795309,-0.000504455585813024
2022-10-13,28245.555543911385,29447.06125749202,20838.637817107363,19942.702374799348,98473.95699331012,0.014835260166262909
2022-10-14,27836.59662419608,28666.126147291423,20642.86652102965,19847.522263907616,96993.11155642476,-0.015037939797483246
2022-10-17,28265.031309839083,29598.800987624432,20828.569933207888,19898.7739052198,98591.1761358912,0.016476062617465148
2022-10-18,28547.40579221595,29636.394294756952,20649.26001335897,19986.627827002827,98819.6879273347,0.002317771228619092
2022-10-19,28401.351619843477,29456.756498832074,20493.263857610633,19715.741381233074,98067.11335751925,-0.007615633945017519
2022-10-20,28255.295437173118,29311.09762272141,20440.06049001572,19561.984948608486,97568.43849851874,-0.005085036582880953
2022-10-21,28693.461974886308,30026.88383320641,20476.90812767277,19598.590246455395,98795.84418222088,0.012579945959889205
2022-10-24,28751.8872623715,30101.923145088895,20254.3150433143,19679.128539945978,98787.25399072067,-8.694891542582184e-05
2022-10-25,29005.050106154715,30688.285861509183,20524.084715593617,19825.343487644193,100042.7641709017,0.012709232511908475
2022-10-26,29267.95284319967,30284.440231352233,20495.879148824602,20111.604973201192,100159.8771965777,0.0011706296466971189
2022-10-27,29423.746908833877,29980.966081140752,20500.22596685542,20243.723801996068,100148.66275882612,-0.00011196537042046373
2022-10-28,29608.75060276384,30716.437584887408,20468.222755547555,20236.382526006986,101029.79346920579,0.008798227416191962
2022-10-31,29550.327325576545,30594.44232662857,20465.912349030143,20199.686706877837,100810.36870811309,-0.0021718817148683733
2022-11-01,29667.17387995114,30467.51150089957,20557.28443940228,20273.08437988828,100965.05420014128,0.0015344204570471032
2022-11-02,29365.32363164658,29725.285989751737,20534.15113304939,20148.303809706416,99773.06456415412,-0.011805962423635297
2022-11-03,29306.90035445928,29631.865809493258,20605.473898235072,20023.524748212585,99567.7648104002,-0.0020576671133711866
2022-11-04,29589.27483683615,30114.229516085168,20644.1883103601,19906.079419267648,100253.77208254905,0.006889853091059939
2022-11-07,29686.645625283058,29891.234956453118,20235.28664729725,19751.939779881606,99565.10700891503,-0.006869218577301717
2022-11-08,29871.65535010668,30008.877718501968,20291.430679272686,19920.764988621886,100092.72873650322,0.005299263400992071
2022-11-09,29443.22066446368,29225.750647863068,20197.117324799776,19964.80057505208,98830.8892121786,-0.012606705204795121
2022-11-10,30407.19267626678,31073.099672338296,20794.785979531203,20405.203208683157,102680.28153681943,0.03894928352184124
2022-11-11,30533.777113605214,30919.106983662565,20480.374970394863,20375.847156855056,102309.1062245177,-0.0036148645752264175
2022-11-14,30300.086015153913,30480.006721388414,20305.22686713069,20368.5028634899,101453.82246716291,-0.008359800890820668
2022-11-15,30416.93055923062,30901.802017360555,20561.82783069443,20412.545993360276,102293.10640064589,0.008272570841326488
2022-11-16,30416.93055923062,30550.136453675557,20607.652920637134,20500.623200972812,102075.34313451612,-0.0021288166308770506
2022-11-17,30339.035536711406,30599.69372146891,20618.20863619384,20449.2448298655,102006.18272423965,-0.0006775427654974742
2022-11-18,30485.089709083877,30704.98243961881,20567.17548665819,20427.224019274327,102184.47165463521,0.0017478247458542207
2022-11-21,30739.717995697072,30721.71383218946,20640.28365695881,20551.596181569766,102653.3116664151,0.004588172783869471
2022-11-22,31092.959499180768,31293.248561174227,20852.75258535028,20647.248511817157,103886.20915752245,0.012010304110926295
2022-11-23,31191.07811844158,31292.59412384407,20844.267123476147,20779.693217228065,104107.63258298986,0.002131403458294212
2022-11-24,31259.765976639075,31248.334999260078,20814.785738461247,20860.631313048503,104183.5180274089,0.0007289133614536425
2022-11-25,31328.449814240794,31225.011554816625,20808.04879459296,20904.775525017376,104266.28568866776,0.0007944410289262294
2022-11-28,31122.392270541975,30898.98512546676,20888.313631155615,20845.91255255745,103755.60357972179,-0.004897864209633673
2022-11-29,31191.07811844158,31031.06803554574,20939.396708395376,20772.332328294502,103933.8751906772,0.0017181877875003249
2022-11-30,31397.135662140405,32222.803192354684,21246.65349787404,20809.12319476999,105675.71554713912,0.01675912067423968
2022-12-01,31485.44402771344,31792.511606466804,21201.649791464777,21074.009588215747,105553.61501386076,-0.0011554266053102058
2022-12-02,31416.760190111716,31811.763178672267,21325.34202476262,21140.23344960924,105694.09884315584,0.0013309239032375242
2022-12-05,31102.76774257065,31263.83526832456,21174.088705254064,21022.51052206546,104563.20223821473,-0.010699713771336494
2022-12-06,30739.717995697072,31146.918527706664,21462.790999433666,21147.592829854766,104497.02035269217,-0.0006329366747183096
2022-12-07,30690.658686066665,31234.87661970851,21748.482540798053,21199.09491338113,104873.11275995435,0.0035990730261286075
2022-12-08,30690.658686066665,31476.62338286814,21683.513823528054,21184.382187642223,105035.17808010508,0.001545346713620166
2022-12-09,30671.03214779746,31125.990114932276,21475.97434556764,21081.37047714931,104354.36708544668,-0.006481742660912948
2022-12-12,30739.717995697072,31704.76471269069,21571.237226743313,21000.432381328872,105016.15231645995,0.006341710936461187
2022-12-13,30690.658686066665,31884.327209659426,21673.076751034172,21081.37047714931,105329.43312390956,0.002983167832178335
2022-12-14,30494.409385757725,31508.028252905373,21600.835910637103,21132.877086739787,104736.15063603998,-0.00563263724368146
2022-12-15,30072.482034374418,30731.766988154923,21675.69597239665,21177.021298708656,103656.96629363464,-0.01030383812897151
2022-12-16,29807.552917059536,30759.080986308512,21792.54028074941,21118.156817560695,103477.33100167816,-0.0017329784806514592
2022-12-19,29513.187007787667,30569.56923017225,21709.558203515768,20993.073001083343,102785.38744255903,-0.006686909610259528
2022-12-20,29670.18524185609,30508.872172640262,21493.306981373546,20867.986167229923,102540.35056309981,-0.002383966102148083
2022-12-21,30043.045242417444,30860.09230391317,21482.438238411138,20882.707945097052,103268.2837298388,0.007098992374626745
2022-12-22,29719.24053089072,30455.325947526115,21497.017137496503,20772.332328294502,102443.91594420784,-0.00798277802105829
2022-12-23,29954.738887142295,30682.419707674184,21462.066709161692,20691.3957411621,102790.62104514026,0.0033843405705151763
2022-12-27,29954.738887142295,30384.16528903624,21184.91074220309,20691.3957411621,102215.21065954372,-0.005597888014937102
2022-12-28,29630.93417561557,29940.6910332939,21098.69936401731,20485.37081148824,101155.69538441501,-0.010365534329892623
2022-12-29,29954.738887142295,30640.072023257522,21291.849721120885,20587.78703677811,102474.44766829882,0.013036856490109106
2022-12-30,29758.489586833348,30453.904239131654,21119.48108422264,20558.283133522356,101890.15804371,-0.005701807991003838
2023-01-03,29895.863292930455,30343.047101562785,21252.081641434484,20624.668424535834,102115.66046046356,0.0022131913531513447
2023-01-04,30092.10857264362,30833.746267022096,21548.760892227354,20713.180134303086,103187.79586619615,0.010499226082444801
2023-01-05,29993.98593278704,30065.063837736256,21233.931483938333,20713.180134303086,102006.16138876471,-0.011451300684469201
2023-01-06,30464.968573204977,30915.9241774275,21580.179880447005,20816.44379569821,103777.5164267777,0.017365176905951962
2023-01-09,30514.031903431154,30614.474343364247,21434.613097375244,20816.44379569821,103379.56313986886,-0.0038346773040153215
2023-01-10,30533.658441700354,30731.16360967531,21288.258008575613,20794.32039432051,103347.4004542718,-0.000311112608916142
2023-01-11,30700.46491915866,31205.90986784748,21479.591404109244,20927.084941595316,104313.0511327107,0.009343734570916196
2023-01-12,30955.58378278578,31311.32016046753,21627.21700053455,21140.992766263615,105035.11371005148,0.006922073216151459
2023-01-13,31220.514910398553,31304.87192149507,21462.323873676214,21148.368742077553,105136.07944764738,0.0009612569933006299
2023-01-16,31269.576230326846,31352.147553828323,21494.735599717245,21170.495160831328,105286.95454470374,0.0014350458743468408
2023-01-17,31377.5091238712,31299.17697191749,21459.33059901713,21200.000572775116,105336.01726758093,0.00046599052170659405
2023-01-18,31249.951702355527,30793.335605483993,21655.570190025617,21354.900590931917,105053.75808879704,-0.0026796074705091044
2023-01-19,31220.514910398553,30813.608620738283,21777.805964341598,21318.02071186223,105129.95020734066,0.0007252679002613949
2023-01-20,31456.007235756468,31305.804035515353,21639.242515190046,21185.248621147242,105586.30240760911,0.004340839117382034
2023-01-23,31632.629997796204,31458.322729034753,21437.458140520444,21111.4903716959,105639.90123904729,0.0005076305374467349
2023-01-24,31632.629997796204,31422.86808863822,21528.647925190206,21155.74471789149,105739.89072951612,0.0009465125326326707
2023-01-25,31613.005469824886,31445.54297727201,21561.486401455222,21318.963014271267,105938.99786282338,0.0018829897774017557
2023-01-26,31769.997672999645,31799.638667656236,21534.375795698463,21289.38669398973,106393.39883034407,0.00428927002036672
2023-01-27,31789.62421126885,31719.1055605284,21399.760399437797,21245.022213567427,106153.51238480247,-0.002254711741318971
2023-01-30,31593.38094185357,31295.723203357928,21322.470755071434,21200.660750521194,105412.23565080413,-0.006983063653242527
2023-01-31,31907.375399692522,31942.461615075288,21538.060054497284,21208.056339279618,106595.95340854471,0.01122941516639342
2023-02-01,31838.68553119714,32090.10604654724,21616.27882098542,21326.35860302969,106871.42900175949,0.002584296911900319
2023-02-02,31828.87527750937,32475.681773015724,21588.969491700653,21370.721574763953,107264.24811698971,0.003675623306428788
2023-02-03,31887.74886142332,32235.366518649935,21452.735352506203,21215.45041935,106791.30115192947,-0.004409176154802408
2023-02-06,31711.126099383586,32240.711541880934,21470.274475739272,21052.783675177623,106474.89579218141,-0.0029628383242368272
2023-02-07,31819.058992927938,32757.850764668307,21500.386812203422,21023.20886358412,107100.50543338379,0.005875653942159831
2023-02-08,31740.56088104267,32281.28084586863,21448.54615487523,21097.143629535818,106567.53151132235,-0.004976390353199189
2023-02-09,31642.442261781856,32136.075750101543,21453.716831898455,21045.386577731166,106277.62142151303,-0.002720435443121061
2023-02-10,31720.940373667127,32219.014420983465,21368.342693124512,20875.324244800366,106183.62173257547,-0.0008844730215098462
2023-02-13,31848.49578488491,32371.304022808123,21286.53531202605,20971.44125096321,106477.7763706823,0.002770244914490405
2023-02-14,31858.310059168456,32297.726920482615,21174.14414644758,20867.931673418017,106198.11279951666,-0.002626497102945158
2023-02-15,31887.74886142332,32419.555871780394,21146.04087054062,20764.411535056566,106217.7571388009,0.00018497823328855745
2023-02-16,31671.881064036723,32098.458705185945,21138.63986849827,20749.629409667945,105658.60904738889,-0.005264167748160298
2023-02-17,31524.691073358183,32216.288558298165,21317.634191238114,20779.20120388537,105837.81502677983,0.0016960849760057073
2023-02-21,31181.26786475381,31531.10830023449,21090.619916057098,20564.777407908343,104367.77348895374,-0.013889568085415749
2023-02-22,31344.41477985653,31679.897848785757,21274.561073867306,20692.74715148881,104991.6208539984,0.005977394594038232
2023-02-23,31314.728710961583,31870.993814940248,21365.903398869723,20796.52376681659,105348.14969158814,0.003395783727213164
2023-02-24,31364.202141956677,31529.691496922187,21242.717409227746,20700.157827127605,104836.76887523422,-0.004854198368467011
2023-02-27,31443.35963154883,31753.676606412413,21362.691722599626,20752.046134791493,105311.77409535236,0.004530902899949618
2023-02-28,31354.309466055547,31591.9464117936,21329.590472493088,20855.827276183383,105131.67362652562,-0.0017101646076503885
2023-03-01,31403.78088675275,31637.385438179484,21375.640101548423,20752.046134791493,105168.85256127214,0.00035364161402595684
2023-03-02,31542.312524432673,31750.403387324273,21245.53609353219,20663.090870741304,105201.34287603044,0.00030893476506621553
2023-03-03,31898.521227597346,32265.516469121354,21417.156690009633,20870.647118772933,106451.84150550127,0.011886717367709076
2023-03-06,31819.36172770731,32307.06009487154,21378.40529158884,20833.58770582682,106338.4148199945,-0.0010655211211250126
2023-03-07,31433.466955647695,31848.865883523573,21371.147311446504,20870.647118772933,105524.12726939071,-0.007657510712212434
2023-03-08,31542.312524432673,32208.9776278991,21556.259958710318,20929.95213682777,106237.50224786985,0.006760302093359094
2023-03-09,31166.306407678418,31740.444057190874,21713.272432337166,21048.554629497245,105668.5775267037,-0.005355215523034085
2023-03-10,30721.041508126804,31359.973922743084,22010.29333796111,21263.526079231782,105354.83484806278,-0.0029691199217821707
2023-03-13,30414.30221536145,31163.71190321266,22073.2186525411,21508.147774961682,105159.38054607689,-0.001855200117467426
2023-03-14,30562.72250834673,31606.316229205473,21901.30451816964,21367.305711935634,105437.64896765749,0.002646158812799948
2023-03-15,30117.457608795114,31305.29517203931,22039.744058585544,21522.975160991416,104985.47200041139,-0.004288572172021721
2023-03-16,30384.61614646651,32024.2710225467,22077.16741625834,21263.526079231782,105749.58066450333,0.00727823240237413
2023-03-17,30127.352294994133,31672.442440257146,22138.298715509554,21426.60922130243,105364.70267206326,-0.003639522634714898
2023-03-20,30325.248029272392,31950.238357619364,22036.519315123303,21330.243281613446,105642.24898362852,0.0026341488613041975
2023-03-21,30552.829832445594,32271.23739695767,21909.25715801351,21285.76866696442,106019.09305438118,0.003567171982594486
2023-03-22,30335.1447257693,31817.83870094233,22175.90073326496,21599.68873719559,105928.57289717218,-0.0008538099563120127
2023-03-23,30216.406481083188,31920.8079369215,22240.77679002505,21525.376799234593,105903.36800726433,-0.00023794231545359867
2023-03-24,30305.458656874358,32127.51071780034,22278.155786473355,21510.51622206804,106221.64138321609,0.0030053187348104693
2023-03-27,30513.25108764952,32211.002883422298,22060.466603552868,21332.172700500974,106116.89327512567,-0.000986127748793919
2023-03-28,30542.933135948697,31968.26339690658,21910.260720499136,21280.15011960177,105701.60737295618,-0.0039134758788385016
2023-03-29,30819.986359819108,32280.89297572184,21838.50984773953,21302.444002727676,106241.83318600814,0.005110857123920898
2023-03-30,30988.19602520242,32394.709604347532,21813.59444735419,21302.444002727676,106498.94407963181,0.0024200532493967586
2023-03-31,31195.99247657336,32744.165267541746,21850.03210218069,21354.46658362688,107144.65642992267,0.006063086877256207
2023-04-03,31542.312524432673,32818.10103550233,21967.845891271623,21413.91341835721,107742.17286956383,0.0055767264514208215
2023-04-04,31581.88925893086,32474.28471158226,21935.888484835777,21495.65413621344,107487.71659156235,-0.002361714742002974
2023-04-05,31433.466955647695,32400.977890085444,22015.38429254721,21517.949528027388,107367.77866630773,-0.0011158291296703426
2023-04-06,31502.731769338712,32564.80412794608,22022.887618143042,21503.085933484763,107593.50944891259,0.0021024071225914653
2023-04-10,31581.88925893086,32718.111874300164,21956.428345228684,21369.324143417358,107625.75362187705,0.0002996851123233668
2023-04-11,31819.36172770731,32725.30803272497,21968.306098433623,21361.89536352212,107874.87122238803,0.002314665329882004
2023-04-12,31868.837169000293,32495.31869364003,21927.395341341915,21399.05434987869,107690.60555386092,-0.0017081426511947884
2023-04-13,32037.05085497938,32865.03656865868,21882.21958772702,21295.0137141444,108079.32072550947,0.00360955507353089
2023-04-14,32076.625579179683,32542.07254266874,21615.709781922134,21213.2745049762,107447.68240874675,-0.005844210645687742
2023-04-17,32195.36583416368,32718.203253695687,21550.217667325753,21161.254941453073,107625.04169663819,0.0016506571748726717
2023-04-18,32254.735961655682,32805.34672549156,21623.49809320276,21205.841199016846,107889.42197936683,0.0024564941259102024
2023-04-19,32264.626627258927,32797.19581372776,21589.85744977762,21183.544298514873,107835.22418927918,-0.000502345726701714
2023-04-20,32205.262530660584,32808.84802903405,21810.302777430607,21317.309105958342,108141.72244308358,0.0028422832716183954
2023-04-21,32304.205372055,32865.14485156418,21794.679747891467,21391.619535231304,108355.64950674196,0.0019782102487868602
2023-04-24,32304.205372055,33039.455387277056,21971.554103705377,21461.88993933069,108777.10480236812,0.003889555344319451
2023-04-25,31928.205286194403,32511.97567401331,22097.03082580341,21640.68154124481,108177.89332725592,-0.0055086176103038564
2023-04-26,31849.04980690014,32579.106403627924,22155.396416019,21536.387445920263,108119.94007246732,-0.0005357217912654866
2023-04-27,32116.206334273644,33247.25106964931,22097.567352935792,21387.389415365044,108848.4141722238,0.006737648016343911
2023-04-28,32274.521313457943,33450.28780461224,22157.3324345361,21588.533739238515,109470.6752918448,0.0057167678955472034
2023-05-01,32234.94256866187,33317.28369873544,21928.35415352787,21365.03971078176,108845.62013170695,-0.005709795417553454
2023-05-02,31898.521227597346,32931.444875637244,22123.762261588545,21558.734133127473,108512.46249795062,-0.003060827191330273
2023-05-03,31829.258424204218,32871.90036390809,22329.25743950532,21633.230131029006,108663.64635864664,0.0013932396078364384
2023-05-04,31690.732817417953,32672.507258874175,22323.570464339755,21610.8834438218,108297.69398445368,-0.0033677534893787886
2023-05-05,32135.9936963738,33001.87416329562,22076.41943016944,21484.238135225936,108698.5254250648,0.0037012001443785802
2023-05-08,32205.262530660584,32661.461082163758,21725.94632689512,21402.290727108597,107994.96066682806,-0.0064726246789958974
2023-05-09,32155.783068771834,32502.01449382636,21694.462216941778,21424.638923003844,107776.89870254383,-0.002019186478126267
2023-05-10,32066.732903278553,32657.815571974847,21834.806933505417,21476.782198946024,108036.13760770483,0.0024053290480781087
2023-05-11,31967.786041288367,32594.695252172733,21893.870235023616,21610.8834438218,108067.23497230651,0.00028784224695810323
2023-05-12,31997.468089587535,32846.97650882449,21971.657716809194,21558.734133127473,108374.83644834868,0.0028463898065032023
2023-05-15,32185.47114796466,33107.505650440144,22017.098245189947,21461.88993933069,108771.96498292545,0.0036643980059525294
2023-05-16,31690.732817417953,32673.785905319837,21823.2813830482,21342.696040950625,107530.49614673662,-0.011413500127387621
2023-05-17,31750.09892431418,33094.073991744,21810.904538308296,21327.794729207064,107982.87218357353,0.004206955729280759
2023-05-18,31740.206248413047,33381.84772852849,21695.39932658991,21201.147911923166,108018.60121545462,0.00033087684332322453
2023-05-19,31829.258424204218,33410.76002345057,21698.121143193104,21275.648435888812,108213.7880267367,0.0018069740682233881
2023-05-22,31829.258424204218,33400.09839711305,21663.223664654986,21275.648435888812,108168.22892186107,-0.00042101016613871334
2023-05-23,31463.155034840525,33067.57552624044,21710.770701631427,21149.00161860491,107390.50288131731,-0.007189967408133935
2023-05-24,31441.66096199922,32823.26494036536,21651.470972347677,21128.145322066404,107044.54219677867,-0.0032215202951511035
2023-05-25,31192.211138412982,33321.49861373068,21716.587515099465,21083.33577867312,107313.63304591624,0.0025138212898598855
2023-05-26,31431.683853586837,33882.10229462103,21821.36889423165,21083.33577867312,108218.49082111265,0.008431899559389944
2023-05-29,31481.573416244504,33797.168681176896,21766.668400904262,21083.33577867312,108128.74627699879,-0.0008292902944119218
2023-05-30,31152.298684167694,33789.96460307316,21894.461333320676,21210.300929132867,108047.0255496944,-0.0007557724482908368
2023-05-31,30882.892633458818,33602.285859359734,21968.062570348007,21299.920015919437,107753.16107908598,-0.002719783067727799
2023-06-01,31012.60509430918,33832.52315202537,22037.510623598468,21382.075622985903,108264.71449291892,0.0047474562111220475
2023-06-02,31561.39832473508,34003.10221084128,21726.23928368707,21270.046484094568,108560.78630335799,0.002734702731409522
2023-06-05,31421.706745174455,33901.8214894434,21700.340596779697,21217.765917541004,108241.63474893857,-0.002939841956630662
2023-06-06,31591.331660270112,34024.3619025589,21757.905783433795,21202.829905972587,108576.4292522354,0.0030930288892381252
2023-06-07,31471.596307832126,33783.940355509905,21566.89290840377,20993.719709262627,107816.14928100843,-0.007002256166121934
2023-06-08,31451.644101305254,33916.683132167855,21634.29595950378,21045.991223687968,108048.61441666484,0.002156125378309781
2023-06-09,31391.77541993732,33952.22244127948,21569.762565587094,21105.742813401816,108019.50324020571,-0.00026942665221851847
2023-06-12,31431.683853586837,34190.96047381082,21565.234685029158,21150.5523567951,108338.43136922193,0.002952505051860843
2023-06-13,31551.421216322706,34480.59679101837,21509.590654318763,20948.90563980523,108490.51430146507,0.0014037763914527268
2023-06-14,31631.248135111175,34396.26570217432,21450.947863552778,21053.46073816021,108531.92243899849,0.00038167518884058005
2023-06-15,31671.158579058574,34846.93948132554,21614.289075142475,21143.082842322856,109275.46997784944,0.006850957046935946
2023-06-16,31581.358572453504,34586.78667834506,21379.444789419827,21172.95788283576,108720.54792305415,-0.005078194172102535
2023-06-19,31511.506751779532,34524.266652700346,21340.798717758556,21090.80227576929,108467.37439800773,-0.0023286630713598155
2023-06-20,31242.102711368538,34378.38116638962,21397.306307318842,21172.95788283576,108190.74806791276,-0.002550318301980048
2023-06-21,31182.23201970272,34247.1946083248,21457.1268366419,21120.677316282192,108007.2307809516,-0.0016962382665656195
2023-06-22,31002.6279858968,34200.63771108096,21245.29603777969,20986.24416003823,107434.80589479567,-0.005299875591818992
2023-06-23,30783.113508143477,33907.939781809815,21281.7063404154,21143.082842322856,107115.84247269154,-0.0029689021118209924
2023-06-26,31052.519558852357,33820.28944270246,21337.33241988123,21214.96797712421,107425.10939856025,0.002887219282689646
2023-06-27,31282.01315531594,34145.93215567912,21273.66887684968,21222.45861322898,107924.07280107372,0.004644755823913105
2023-06-28,31411.731647059965,34286.75659345168,21411.862476090322,21364.723369074116,108475.07408567608,0.005105453031020835
2023-06-29,31571.381464041126,34560.4736525709,21339.046690212323,21199.99273966683,108670.89454649118,0.0018052115886129094
2023-06-30,31930.58953165296,34956.01624563632,21384.74220411578,21372.214005178877,109643.56198658394,0.008950579123802482
2023-07-03,31930.58953165296,34995.496040591366,21417.751046309175,21372.214005178877,109716.05062373237,0.0006611298997865056
2023-07-04,32010.412429845655,34990.21282520869,21414.517641883107,21304.826945308694,109719.96984224615,3.5721469115124194e-05
2023-07-05,31850.76462316238,34874.513159556096,21281.905518004176,21132.60266242057,109139.78596314322,-0.005287860358849095
2023-07-06,31381.796301227056,34769.72740473044,21248.521833929644,21087.678458736453,108487.72399862358,-0.005974557845842221
2023-07-07,31401.748507753924,34891.100140760595,21379.947328738697,20997.82552530412,108670.62150255733,0.001685882026025931
2023-07-10,31341.881836683875,34749.05279285567,21297.449119836638,21042.746711612162,108431.13046098835,-0.0022038250840715756
2023-07-11,31411.731647059965,34955.732232404895,21335.589413657715,21020.283855426085,108723.33714854866,0.0026948597355576087
2023-07-12,31691.116816479105,35108.939528369265,21428.223391461503,21147.573373813837,109375.85311012372,0.006001618223726135
2023-07-13,32050.32689438883,35262.42208811281,21484.03813099288,21244.918452038975,110041.70556553348,0.006087746394438209
2023-07-14,32060.306013099096,35052.927891900654,21270.94970541095,21192.505120938134,109576.68873134884,-0.004225823580203514
2023-07-17,31980.479094310624,35474.20420355563,21476.701303783102,21177.53139216879,110108.91599381815,0.004857121242038964
2023-07-18,32170.062246826816,35669.56206080381,21455.420457555847,21192.505120938134,110487.5498861246,0.0034387214594657767
2023-07-19,32329.714074105857,35651.87433056442,21461.196035356326,21252.40456207963,110695.18900210623,0.0018792987643914127
2023-07-20,32279.822501150302,35410.95518226141,21348.663202697935,21080.186313943654,110119.6272000533,-0.00519951957480258
2023-07-21,32469.405653666487,35441.08452329002,21381.566703481058,21192.505120938134,110484.5620013757,0.0033139850778773905
2023-07-24,32539.25546404257,35731.12916829329,21424.34293829639,21065.212585174308,110759.94015580656,0.002492458217170812
2023-07-25,32469.405653666487,35693.09202386468,21321.13739013396,21122.12097383025,110605.75604149539,-0.0013920566776605137
2023-07-26,32479.384772376754,35732.354795162464,21408.82459545508,21182.1848619678,110802.7490249621,0.001781037357520665
2023-07-27,32239.9120572029,35546.77933843049,21259.92441864906,21002.000740995332,110048.61655527778,-0.006806080862799102
2023-07-28,32429.4931994212,35949.436308856166,21376.339016743525,21137.13845455267,110892.40697957356,0.007667433273656155
2023-07-31,32589.14100610447,36082.01915984927,21440.546780286688,21167.165872557332,111278.87281879777,0.0034850523110694365
2023-08-01,32439.470307833577,35820.39520546466,21268.04305468007,21047.045639722422,110574.95420770072,-0.00632571658272707
2023-08-02,31950.547769073495,35535.84876853295,21342.463173498923,21009.510990044582,109838.37070114995,-0.006661395537792325
2023-08-03,31750.983487549154,35635.87792859576,21323.908644751256,20844.34434979454,109555.1144106907,-0.002578846432727433
2023-08-04,31930.58953165296,35496.76420295208,21504.476394412264,21077.076075103163,110008.90620412047,0.0041421324405599425
2023-08-07,31930.58953165296,35861.03528834539,21544.848780978315,21077.076075103163,110413.54967607983,0.0036782792041267776
2023-08-08,31880.70197929318,35703.093346099246,21591.242156801927,21099.60078749876,110274.6382696931,-0.0012581010826502315
2023-08-09,32030.37267756407,35611.432843044444,21693.17956087395,21129.629714191462,110464.61479567393,0.00172275809707223
2023-08-10,32160.085138414433,35607.53182222155,21547.65572099466,21047.045639722422,110362.31832135307,-0.0009260564979117758
2023-08-11,32249.887155317392,35656.10346586918,21524.75039725752,20971.971814302633,110402.71283274674,0.00036601724218998655
2023-08-14,32080.260229923853,35836.005040517855,21501.66276447743,20941.94288760993,110359.87092252907,-0.00038805124546692493
2023-08-15,31461.621209717632,35476.20136175184,21475.966651274066,20814.3139144138,109228.10313715733,-0.010255247454631577
2023-08-16,31471.596307832126,35302.54736902047,21476.181058900467,20784.28800509718,109034.61274085025,-0.001771434189094312
2023-08-17,31341.881836683875,35159.28517784793,21528.508208950865,20806.808191428663,108836.48341491133,-0.0018171232139818638
2023-08-18,31351.860955394146,35198.241193097965,21587.782601317045,20874.37478517528,109012.25953498443,0.0016150477721978973
2023-08-21,31311.948501148854,35413.58175815016,21477.850198457953,20814.3139144138,109017.69437217076,4.985528425449637e-05
2023-08-22,31132.344467342933,35323.08416542141,21501.784426644597,20769.26599831064,108726.47905771958,-0.002671266496033331
2023-08-23,31431.683853586837,35727.942884927994,21710.707313104736,20979.47753728777,109849.81158890735,0.010331729132803336
2023-08-24,31282.01315531594,35173.18974226633,21620.717438982796,20941.94288760993,109017.863224175,-0.0075735074343664666
2023-08-25,31625.747075561714,35581.8003968596,21708.522321463024,20992.869762700477,109908.93955658481,0.008173672699651746
2023-08-28,31907.428005167625,35822.25190780679,21765.797102850003,21007.926469311868,110503.40348513628,0.005408694970125083
2023-08-29,32329.95442532121,36349.54182701935,21912.33566398876,21143.424759310103,111735.25667563942,0.01114764931804868
2023-08-30,32430.549731578605,36383.31609765295,21835.650984478954,21143.424759310103,111792.94157302061,0.0005162640611158231
2023-08-31,32400.371139701387,36267.793237515325,21828.02404604454,21203.645551003523,111699.83397426477,-0.0008328575797875715
2023-09-01,32792.7109267862,36265.49865583782,21737.80297820735,21226.227593544536,112022.24015437592,0.002886362214159055
2023-09-05,32571.393211828392,36349.4772425078,21767.354547192524,21030.511529228956,111718.73653075767,-0.002709315785865307
2023-09-06,32269.59121067312,36216.28256056126,21811.97529303468,21053.093571769972,111350.94263603905,-0.0032921415524365116
2023-09-07,32168.991883819945,36107.37752854315,21877.89386621181,21090.729303546304,111244.99258212122,-0.0009514966951301718
2023-09-08,32068.388536371003,36278.75171083172,21960.27620895638,21090.729303546304,111398.14575970541,0.0013767197428786737
2023-09-11,32249.47415971952,36362.22722512268,21845.50941057659,21053.093571769972,111510.30436718877,0.001006826520481674
2023-09-12,32309.833353771846,36038.18333346133,21774.622492979837,21060.621925075666,111183.26110528868,-0.0029328523830692843
2023-09-13,32440.611272502232,36005.83646025547,21760.69894517565,21022.981667235224,111230.12834516857,0.00042153143750223165
2023-09-14,32913.433335486625,36314.66841229071,21734.7873912595,21060.621925075666,112023.5110641125,0.007132804130926873
2023-09-15,32963.73098861532,35912.760301441405,21626.539586499217,20977.81456477712,111480.84544133306,-0.004844211876816384
2023-09-18,32772.593875832616,35952.24104053365,21668.32371928487,20985.345935458892,111378.50457111004,-0.0009180130435669787
2023-09-19,32380.252078449903,35786.69966305131,21551.706898073637,20834.790938849266,110553.44957842412,-0.0074076680761965275
2023-09-20,32380.252078449903,35348.365221413376,21470.113422924744,20797.15068100882,109995.88140379684,-0.005043426295185394
2023-09-21,31716.290892384917,34864.90142622617,21383.623460687737,20706.81949346869,108671.63527276751,-0.01203905195475452
2023-09-22,31676.048749286183,34790.31933733289,21471.53953933021,20774.56712977977,108712.47475572904,0.00037580627970701386
2023-09-25,31726.350423010656,34932.05458923345,21308.283420671705,20712.254898173127,108678.94333108893,-0.00030844136991137194
2023-09-26,31374.246748130907,34362.33056474471,21240.283494633535,20689.612508110626,107666.47331561979,-0.009316156234466355
2023-09-27,31203.230706897564,34552.58951284026,21277.85452769146,20629.22726942115,107662.90201685045,-3.317001717773049e-05
2023-09-28,31464.788554656217,34700.57768184967,21309.342018659132,20651.871168171692,108126.57942333672,0.004306751887606541
2023-09-29,31404.4293606039,34592.612823974174,21274.0430261912,20750.000764176177,108021.08597494545,-0.0009756476987794471
2023-10-02,30871.248103567177,34791.13414983716,21320.821650539165,20719.80588179938,107703.00978574288,-0.002944574999702798
2023-10-03,30609.686235212746,34595.44367490094,21321.083482978454,20425.424637226104,106951.63803031825,-0.006976330159383259
2023-10-04,30649.926368013595,34925.1830588597,21515.8319099834,20561.292555793454,107652.23389265015,0.006550585622010718
2023-10-05,30820.948440140597,35001.708800087035,21584.209981689393,20599.03389573239,108005.90111764942,0.003285275300017876
2023-10-06,30951.728369168868,35308.669277008215,21444.22223203749,20614.128319544714,108318.74819775928,0.0028965739545017133
2023-10-09,30951.728369168868,35414.03897926494,21585.810199298325,20614.128319544714,108565.70586727685,0.0022799162068110057
2023-10-10,31374.246748130907,35384.25400990532,21438.758068030842,20817.93095173976,109015.18977780684,0.0041402016128324615
2023-10-11,31635.810626783226,35534.09608901142,21537.787725184477,20900.964615243884,109608.659056223,0.005443913638326636
2023-10-12,31434.609962779003,35350.59034376527,21377.601632917074,20719.80588179938,108882.60782126072,-0.006624031725357082
2023-10-13,31354.129697177315,35409.501114664316,21606.241266696055,20840.5748504903,109210.446929028,0.0030109409971650347
2023-10-16,31615.68955523386,35670.485264213385,21429.520073546846,20742.449780549923,109458.14467354403,0.002268077381617273
2023-10-17,31726.350423010656,35590.72170538613,21235.54896621857,20742.449780549923,109295.07087516529,-0.0014898279051330787
2023-10-18,31354.129697177315,35226.53760491558,21201.139166914443,20697.158965672766,108478.96543468011,-0.0074669921886716395
2023-10-19,31183.10762505031,35079.470894494356,21218.200069250743,20621.680811859005,108102.45940065442,-0.0034707745646080923
2023-10-20,30831.007970766335,34661.930132303976,21293.46009079416,20666.96559198401,107453.36378584849,-0.0060044481726380106
2023-10-23,30740.46817453891,34572.19503271621,21353.874876085225,20795.287052989217,107461.82513632957,7.874439834143487e-05
2023-10-24,30639.86683738785,34790.03262072428,21404.078730569006,20825.484952742092,107659.46314142323,0.0018391461790541186
2023-10-25,30599.62469428912,34435.125929472735,21334.291642895783,20764.386140819523,107133.42840747716,-0.004886098431078567
2023-10-26,30478.90831648236,34184.08817986425,21567.38485628903,20923.341512420357,107153.722865056,0.00018943160767381784
2023-10-27,30247.52504000515,34060.11994659357,21578.052072631875,20946.045758692384,106831.74281792299,-0.0030048423752714326
2023-10-30,30428.604632460003,34581.02727328128,21606.065357988296,20862.788809358746,107478.48607308834,0.006053849147323431
2023-10-31,30458.787244932995,34705.83999403762,21538.45488150416,20824.937335193095,107528.01945566788,0.00046086788518628907
2023-11-01,30780.708307339755,35189.17557432955,21906.611706857522,21036.874813284794,108913.37040181163,0.012883627478277093
2023-11-02,31696.169820835552,35739.18681518504,21965.22668973873,21127.708393941317,110528.29171970063,0.01482757637497678
2023-11-03,31937.608607342732,35830.163798756425,21953.122883893226,21316.938608384917,111037.83389837731,0.004610061105159158
2023-11-06,31826.949749863823,35685.069199526064,21711.36169492307,21195.831693573666,110419.21233788664,-0.005571268267506424
2023-11-07,31605.628014310238,35880.52130038226,21880.40032701128,21263.95650189405,110630.50614359783,0.0019135601607500607
2023-11-08,31555.33036118154,36092.867281413615,22065.360458972867,21347.21495991572,111060.77306148375,0.003889224888182552
2023-11-09,31676.048749286183,35881.84241250957,21928.799633646497,21157.987762848195,110644.67855829044,-0.0037465478739551195
2023-11-10,31766.588545513612,36465.78869048828,21999.83931150898,21188.259588314893,111420.47613582577,0.007011612195399142
2023-11-13,31897.37249513766,36410.41806337485,21984.701778416187,21218.53895722177,111511.03129415047,0.0008127335429288784
2023-11-14,32340.011945649065,37108.34398654356,22252.107152052806,21392.62797852389,113093.09106276931,0.01418747320563818
2023-11-15,32410.43067032713,36910.13621101159,21956.834365045703,21309.37102919025,112586.77227557468,-0.004477009005913635
2023-11-16,32430.549731578605,36911.14685883132,22046.209878901176,21400.198575094626,112788.10504440573,0.0017882453219126848
2023-11-17,32661.935018353706,37141.62410268245,22199.135136932942,21430.477944001505,113433.17220197059,0.005719283583236923
2023-11-20,32742.411263359623,37331.3439130631,22178.974625748535,21460.751278156236,113713.4810803275,0.002471136731130308
2023-11-21,32797.05231785547,37265.55717556266,22209.405446859113,21528.363168752476,113800.37810902971,0.0007641752576443839
2023-11-22,32807.19628099246,37343.41213426472,22191.95114991043,21535.9533782677,113878.51294343531,0.0006865955606116803
2023-11-23,32786.912375314256,37320.24558472344,22178.18403795281,21490.413629864404,113775.75562785492,-0.0009023415649223043
2023-11-24,32766.62846963606,37349.54397078326,22084.826695336396,21528.363168752476,113729.36230450819,-0.0004077610655337516
2023-11-27,32644.91498407743,37108.10569622917,22099.79417756678,21619.43663080692,113472.25148868028,-0.0022607250284187863
2023-11-28,32655.0609575123,37080.02546702486,22154.0758065145,21702.92591809828,113592.08814914993,0.001056087800298977
2023-11-29,32797.05231785547,36934.677595150286,22185.48445319444,21809.17979918317,113726.39416538336,0.001182353616539622
2023-11-30,32999.901426126904,37151.381828700185,22159.673703690012,21771.231768983132,114082.18872750024,0.003128513523426024
2023-12-01,33304.17207308722,37273.860068781614,22353.278307576566,21938.204308813718,114869.51475825912,0.006901393105627651
2023-12-04,33283.888167409015,36896.84518065073,22160.57697766388,21938.204308813718,114279.51463453734,-0.005136263742067881
2023-12-05,33304.17207308722,37027.29110107177,22383.685543451713,22074.816010583414,114789.96472819413,0.004466680623287589
2023-12-06,33121.60888079187,37022.88130850615,22524.736705985677,22143.124878844337,114812.35177412804,0.00019502615918498556
2023-12-07,33111.464917654885,37301.59079832323,22532.67165608753,22150.716597047598,115096.44396911326,0.002474404457319279
2023-12-08,33202.74852410045,37477.320214728294,22435.923715975758,22074.816010583414,115190.8084653879,0.0008198732560318334
2023-12-11,33253.46029859383,37570.79862010719,22408.759924894013,22029.279279556195,115262.29812315124,0.0006206194636164675
2023-12-12,33141.89479676796,37731.0322643945,22467.975278630274,22036.87099775946,115377.77333755218,0.0010018472326271954
2023-12-13,33709.866269034304,38260.2517418649,22748.23814874663,22279.74110667815,116998.09726632398,0.014043640138827529
2023-12-14,33943.14324612092,38163.26869912092,22858.077752158533,22461.894065539178,117426.38376293954,0.003660627878764977
2023-12-15,33527.30709733474,37968.91423225991,22636.868182196882,22484.664694084844,116617.75420587636,-0.006886268069837165
2023-12-18,33699.72431619521,38104.955423647836,22550.467645449673,22408.767124996735,116763.91451028945,0.001253328066625814
2023-12-19,34024.28288942949,38377.44309363315,22603.904346787982,22477.07297588158,117482.7033057322,0.006155915536553813
2023-12-20,33659.154494540926,37678.7520255957,22574.646537871868,22552.97205365773,116465.52511166624,-0.008658110219160409
2023-12-21,33922.855319846945,38095.72529128606,22613.105360822923,22477.07297588158,117108.75894783752,0.005522954844831007
2023-12-22,34074.99466392287,37958.12188551689,22459.252314895413,22340.459765423853,116832.82862975902,-0.0023561885597420673
2023-12-26,34074.99466392287,38017.257973002845,22445.022664465825,22340.459765423853,116877.7350668154,0.0003843648877035477
2023-12-27,34308.26963071161,37926.833330716036,22487.34567690764,22507.433813942473,117229.88245227776,0.003012955249868998
2023-12-28,34206.84407142695,37960.36591138491,22451.71277192432,22529.406382724963,117148.32913746114,-0.0006956700212491507
2023-12-29,34267.699809057325,37932.249792974384,22457.78331905181,22567.45700371153,117225.18992479505,0.0006560980246139714
2024-01-02,34176.42022320754,37760.442585260025,22377.645189176354,22430.49226894112,116745.00026658503,-0.004096300961577315
2024-01-03,34135.85040155325,37685.8418452708,22523.669264390403,22445.70889648446,116791.07040769892,0.0003946219624710867
2024-01-04,34206.84407142695,37639.89101259715,22480.317745695495,22323.96078925739,116651.01361897701,-0.0011992080236356006
2024-01-05,34298.12767787251,37710.79265839616,22442.673812147375,22301.1283045022,116752.72245291824,0.0008719069880820385
2024-01-08,34500.97477584605,38249.722124548745,22531.105579927455,22331.56910302906,117613.37158335131,0.007371555132516416
2024-01-09,34348.83744206801,38162.21920943318,22508.554243056926,22339.17590811269,117358.7868026708,-0.002164590447949921
2024-01-10,34379.26732118108,38488.38514799714,22534.97152346826,22278.30336318719,117680.92735583369,0.002744920614291324
2024-01-11,34257.55584592034,38441.08739276491,22638.77050591663,22308.73661827387,117646.15036287575,-0.0002955193652814936
2024-01-12,34328.5555466877,38471.10408399021,22680.29074625087,22331.56910302906,117811.51947995785,0.0014056483494957472
2024-01-15,34419.833122239594,38555.92381215737,22730.295448264336,22331.56910302906,118037.62148569037,0.001919184191245371
2024-01-16,34267.699809057325,38493.412733443,22613.402796793376,22164.165078419832,117538.68041771353,-0.004226966467952065
2024-01-17,33902.57141416874,38439.040101951505,22645.412130668297,22042.413953816693,117029.43760060523,-0.00433255516650799
2024-01-18,33993.85703091219,38809.374291029824,22647.141242684866,21973.93007774345,117424.30264237034,0.0033740659603329615
2024-01-19,34237.273950540024,39233.257814077515,22623.684354050245,21981.541408891197,118075.75752755898,0.0055478710158725075
2024-01-22,34227.12998740304,39155.07325796687,22571.398322840076,22019.584486437576,117973.18605464755,-0.0008686920588883984
2024-01-23,34369.1233580441,39401.91451809263,22596.61367132753,22004.36484151816,118372.01638898242,0.0033806863040057866
2024-01-24,34399.55323715717,39379.87748293845,22511.767434044566,21966.32176397178,118257.51991811195,-0.000967259613912641
2024-01-25,34511.11873898304,39793.18817137401,22724.63035460287,22058.423113290235,119087.36037825015,0.0070172320602768234
2024-01-26,34531.39862406546,39603.65549154495,22620.378843759212,22005.01404808483,118760.44700745447,-0.0027451559070360565
2024-01-29,34703.82589441537,39839.73762609731,22665.90905496514,22142.354446176505,119351.82702165435,0.004979604145164185
2024-01-30,34744.39169547388,39683.59374445951,22635.5747235777,22226.2827616867,119289.84292519781,-0.0005193393180759065
2024-01-31,34429.97708537658,39022.937830626164,22717.24362694756,22310.209568508857,118480.36811145916,-0.006785781537546609
2024-02-01,34531.39862406546,39621.23414752791,22964.72747780946,22470.441290189174,119587.80153959201,0.009346978286656205
2024-02-02,34511.11873898304,39872.15744235338,22676.400327470958,22272.06239148791,119331.73890029528,-0.002141210357579415
2024-02-05,34196.70613918362,39988.91588259416,22646.07147659187,22111.833687183673,118943.52718555334,-0.003253214260678039
2024-02-06,34318.40957325282,40319.348563315936,22881.257762325662,22211.023890878325,119730.03978977275,0.006612487647120524
2024-02-07,34338.697499526796,40486.646487981794,22746.53943161518,22157.61482567292,119729.49824479669,-4.523050163629527e-06
2024-02-08,34338.697499526796,40428.150491872424,22638.011939345044,22058.423113290235,119463.2830440345,-0.002223472115600922
2024-02-09,34460.40294389388,40644.3485184335,22624.70354275136,22073.681984098614,119803.13698917735,0.002844840159110573
2024-02-12,34521.26069182214,40620.27659261416,22625.392565222526,22058.423113290235,119825.35296294907,0.00018543732935571988
2024-02-13,33760.58206412347,40066.17446332129,22423.721512247306,21936.34762075909,118186.82566045116,-0.01367429564763778
2024-02-14,34277.839751598534,40753.79094712067,22702.99892115517,22066.0555660705,119800.68518594488,0.013655155864244373
2024-02-15,34784.95950683028,40946.552846669525,22708.42134708129,22073.681984098614,120513.6156846797,0.005950971796432336
2024-02-16,34835.675301919444,40526.38557409686,22517.23886470827,22073.681984098614,119952.98172482318,-0.0046520383333563675
2024-02-20,34825.52932848457,40406.28115285581,22591.738520500294,22188.132567289682,120011.68156913035,0.0004893571086197479
2024-02-21,34724.107789795686,40513.64594776353,22567.790243224666,22119.463122587862,119925.00710337175,-0.0007222169094319719
2024-02-22,34977.6686725605,41256.647071379964,22543.839150751424,22157.61482567292,120935.76972036481,0.008428288989983601
2024-02-23,35433.457787114996,41236.744151640916,22596.9216077443,22320.220618848594,121587.3441653488,0.005387772753177922
2024-02-26,35259.68763777668,41167.76047238009,22593.915629488612,22266.665210903582,121288.02895054898,-0.002461730016841024
2024-02-27,35198.35344924924,41224.48896255618,22555.4213307598,22205.46226329794,121183.72600586315,-0.0008599607528320119
2024-02-28,35116.58659299997,41263.94229330708,22648.14333044896,22228.412425720035,121257.08464247605,0.0006053505617524824
2024-02-29,35321.01981600623,41549.07894140608,22760.21534998586,22289.61839070175,121919.93249809994,0.005466467032242184
2024-03-01,35607.2299467512,41918.608567736694,22923.201904715213,22389.078649555064,122838.11906875818,0.007531061999829669
2024-03-04,35525.45705960826,41808.94589659243,22834.036968625252,22312.570061811886,122481.00998663783,-0.0029071519885489616
2024-03-05,35576.56285248747,41460.33821871631,22984.7012590005,22442.63556618811,122464.2378963924,-0.0001369362503400584
2024-03-06,35648.11538517371,41720.93335857065,23048.521629171497,22465.58723729824,122883.1576102141,0.0034207514047988052
2024-03-07,35964.98255869296,41886.141383134986,22963.828304797833,22457.936680261533,123272.8889268873,0.003171560075868385
2024-03-08,35903.66043195285,41453.28518844503,22880.469219404724,22496.189465445084,122733.60430524769,-0.004374722019855115
2024-03-11,35954.77024542782,41518.50616570077,22911.493846832276,22434.981991775327,122819.7522497362,0.0007019100023677449
2024-03-12,36087.650935747835,41933.33894580001,22844.49620216921,22396.73222396785,123262.2183076849,0.003602564325720259
2024-03-13,36302.3025029129,41917.53029088017,22831.217498455975,22358.47642140822,123409.52671365727,0.0011950815748313914
2024-03-14,36087.650935747835,41753.41546751273,22649.325939055176,22236.066000132814,122726.45834244858,-0.005534972780453118
2024-03-15,36087.650935747835,41821.73943206928,22767.199637072128,22220.76035999528,122897.35036488452,0.0013924627561490155
2024-03-18,36056.977810590455,42090.067166702356,22759.174594120952,22136.604232591468,123042.82380400522,0.0011836987428026635
2024-03-19,36087.650935747835,42282.751010303306,22793.318648815104,22243.71504848149,123407.43564334772,0.002963292194295697
2024-03-20,36373.85704589702,42784.72821290665,22902.20941986433,22297.268947738463,124358.06362640648,0.007703166167443154
2024-03-21,36435.187213828685,42602.56221353603,22746.87631662442,22274.31878531637,124058.9445293055,-0.0024053051999876063
2024-03-22,36261.41706449038,42697.72628926828,22908.49150583048,22406.52149716611,124274.15635675524,0.001734754622218171
2024-03-25,36220.52760547208,42848.70113387867,23011.52856553624,22375.834782489186,124456.59208737616,0.0014680102120123717
2024-03-26,36148.97708308373,42687.004725260624,22988.262455296423,22368.161595131915,124192.40585877269,-0.002122717842201527
2024-03-27,36476.07667284698,43025.36689312799,23053.245414003824,22444.882907888343,124999.57188786713,0.006499318726559844
2024-03-28,36557.85157028779,43033.18647102476,23035.07228214701,22460.22475653877,125086.33507999833,0.0006941079142976925
2024-04-01,36588.512633657854,42757.47985250117,22835.492622131293,22222.401209104555,124403.88631739488,-0.005455821870286592
2024-04-02,36363.64071203611,42655.1663469705,22907.38801346458,22245.419262488325,124171.61433495952,-0.0018670797939764894
2024-04-03,36394.297754810395,42671.27934264457,22904.869519148742,22268.429772431908,124238.8763890356,0.0005416862334948203
2024-04-04,36271.63741894706,42037.55224632487,22887.502832406764,22314.459844447298,123511.15234212599,-0.0058574583742277975
2024-04-05,36608.95334257123,42530.606296870756,22815.894485294015,22260.761111138752,124216.21523587476,0.0057084957947419745
2024-04-08,36608.95334257123,42741.04739349459,22896.205898292203,22237.74456644302,124483.95120080104,0.0021554026937455895
2024-04-09,36762.28680359194,42684.514637322514,22913.61708895525,22322.134540492603,124682.55307036231,0.0015954013962884428
2024-04-10,36506.741756812815,42274.33128372612,22658.911589540538,22130.342573761813,123570.32720384128,-0.008920461116106226
2024-04-11,36343.195982526966,42943.314387922765,22853.883532823133,22099.655859084894,124240.04976235775,0.005419768432041838
2024-04-12,36036.54514286863,42365.10212321016,22894.126289689022,22199.389190472935,123495.16274624076,-0.005995546665843898
2024-04-15,35801.4367844071,42065.2136749271,22882.167646941572,22068.972161784037,122817.7902680598,-0.005485012231392639
2024-04-16,35617.45231150577,42076.84131614917,22868.17678240976,22053.6257870695,122616.09619713419,-0.0016422219491606382
2024-04-17,35648.11538517371,41932.85358114124,23021.823371465318,22107.32602906608,122710.11836684635,0.0007668012000723312
2024-04-18,35729.88626201875,41706.46801675928,22882.529484681603,22045.95259971223,122364.83636317185,-0.0028138022216086522
2024-04-19,35934.321495322896,41344.378302516445,22900.961441570897,22084.314010434464,122263.97524984469,-0.0008242655024505163
2024-04-22,36067.20620623869,41623.36363843796,22864.089596196176,22061.29746573873,122615.95690661157,0.0028788664530792207
2024-04-23,36281.865814595294,41986.48811996938,22844.962542628222,22038.283938419074,123151.60041561196,0.0043684649413808785
2024-04-24,36046.761476729545,41844.851695363424,22722.414990116195,22079.932611401335,122693.96077361051,-0.0037160673548456424
2024-04-25,36056.977810590455,41823.02719958252,22734.242356212977,21995.308790705985,122609.55615709192,-0.0006879280445948321
2024-04-26,36189.86252150625,42066.755489641895,22704.6517492906,22056.852701808042,123018.1224622468,0.0033322549886030117
2024-04-29,36210.307251015394,42205.44030346482,22766.113831467566,22164.559449472763,123346.42083542055,0.0026686992664393117
2024-04-30,35811.66518005534,41586.71844030733,22696.69164498836,22064.548519485867,122159.62378483689,-0.009621657787437399
2024-05-01,35821.881513916254,41789.74053423362,23024.81180003676,22126.09393927596,122762.52778746259,0.004935378678700086
2024-05-02,35975.21095434119,42005.20073829778,23031.658843733654,22210.72077734739,123222.79131372002,0.0037492183857135153
2024-05-03,36179.64618764534,42336.53745037573,23046.509405909415,22295.34459804274,123858.0376419732,0.005155266501274625
2024-05-06,36670.29155169444,42841.81675635665,23104.94846054394,22395.35854540571,125012.41531400074,0.009320167620969544
2024-05-07,36711.17699011696,42823.370953959806,23115.170582908737,22433.824055602505,125083.54258258801,0.0005689616379991325
2024-05-08,36639.62244713283,43022.57552665263,23175.317863242846,22356.890017832833,125194.40585486114,0.0008863138186219199
2024-05-09,36823.61697152361,43245.34802724643,23205.84459087729,22372.278635812418,125647.08822545974,0.0036158354481381494
2024-05-10,36731.617699030336,43143.837147059894,23077.32243276159,22295.34459804274,125248.12187689455,-0.003175293229631282
2024-05-13,36629.40209267615,43146.96333977514,23087.22799880084,22326.12032531386,125189.713756566,-0.000466339290787654
2024-05-14,36619.185758815234,43304.18785637565,23126.61494321906,22318.42450763604,125368.41306604598,0.0014274280539332551
2024-05-15,36649.84280158952,43785.75392421918,23248.554453052187,22449.21267358209,126133.36385244297,0.006101622950224428
2024-05-16,36670.29155169444,43519.27168387516,23128.926341924853,22487.67667509085,125806.1662525853,-0.00259406068199719
2024-05-17,36925.832577877794,43636.7089983196,23089.41441025889,22433.824055602505,126085.78004205879,0.002222576188452452
2024-05-20,36925.832577877794,43664.25785628731,23057.906774415114,22433.824055602505,126081.82126418271,-3.139749680536319e-05
2024-05-21,36925.832577877794,43810.85947542438,23120.44634194904,22464.596765497554,126321.73516074877,0.0019028428853622437
2024-05-22,37063.88092386334,43749.695153102126,23126.27035855406,22521.626513019208,126461.47294853872,0.0011062054175565716
2024-05-23,36847.58091243107,43593.05071116669,23148.027558325924,22459.909102792873,126048.56828471654,-0.003265062901728233
2024-05-24,37012.38111259831,44012.50291244442,23245.762552290045,22483.053885971767,126753.70046330454,0.005594130803574515
2024-05-27,37043.283411714794,43800.649672714186,23133.869572322532,22467.62302472715,126445.42568147865,-0.0024320771756493054
2024-05-28,36857.885699399005,43711.51906202789,22970.148774852616,22367.334496141404,125906.88803242092,-0.0042590520468042126
2024-05-29,36281.08298851578,43467.393858585994,22915.895567241532,22290.190750734557,124954.56316507787,-0.007563723337343009
2024-05-30,36620.988175818195,43410.86071943675,23136.69274537587,22367.334496141404,125535.87613677222,0.004652194821619826
2024-05-31,36971.18608830122,43688.83014105475,23149.64138705331,22498.48474721639,126308.14236362567,0.0061517571758693546
2024-06-03,36734.28454412463,43517.79314975781,23241.346789337716,22629.631980915296,126123.05646413544,-0.0014653520828243893
2024-06-04,36548.88683180885,43596.593567499716,23336.80161978182,22745.351370745662,126227.63338983605,0.0008291658054635498
2024-06-05,36765.182822645336,44255.71849089507,23485.853958165808,22845.6398993314,127352.39517103761,0.008910582817693413
2024-06-06,36868.18244517539,44299.56664810701,23516.33121353476,22822.49813352858,127506.57844034575,0.0012106821320563288
2024-06-07,36569.484343957396,44176.56711121148,23284.86861705303,22722.205078878727,126753.12515110063,-0.005909132677398565
2024-06-10,36631.28492159458,44604.09833394481,23421.388074953236,22683.635469207362,127340.4067997,0.0046332715497094945
2024-06-11,36353.184332525125,44716.060794848134,23500.084083978767,22722.205078878727,127291.53429023076,-0.00038379419932366154
2024-06-12,36456.18797565095,45053.79682494759,23593.76064154019,22799.35184166165,127903.09728380037,0.004804427859084637
2024-06-13,36033.89273975435,45034.03128179392,23648.133146387874,22938.216014670907,127654.27318260705,-0.0019454110688281734
2024-06-14,35961.78938544712,45123.49325876516,23703.72905035379,22984.50105496459,127773.51274953067,0.0009340820636145608
2024-06-17,35910.28555358632,45447.558064778255,23610.59926495771,22945.929936605182,127914.37281992746,0.0011024199567317705
2024-06-18,35920.58833025637,45494.92788343425,23655.94644658081,23015.36277745383,128086.82543772526,0.001348187963525982
2024-06-19,35766.0868861634,45504.55005741884,23660.949677557728,22992.216485586898,127923.80310672687,-0.0012727486253271136
2024-06-20,35879.387275065616,45349.45302410285,23604.553275800303,22945.929936605182,127779.32351157395,-0.0011294191670676579
2024-06-21,35858.78373202341,45363.899184838156,23570.472450300167,22938.216014670907,127731.37138183264,-0.00037527299741080267
2024-06-24,36322.28605400442,45275.24949630337,23617.154334386454,22945.929936605182,128160.61982129942,0.0033605561016298857
2024-06-25,36239.88394362292,45300.95656312321,23540.092288540483,22973.570875664063,128054.50367095068,-0.0008279934233831332
2024-06-26,36239.88394362292,45366.60427515592,23446.396043842593,22818.85190007173,127871.73616269317,-0.0014272634153278396
2024-06-27,36466.48472142734,45580.54944058752,23557.078255926903,22818.85190007173,128422.9643180135,0.004310789638603207
2024-06-28,36363.48509889729,45388.75835780424,23439.601633263377,22834.323495893357,128026.16858585826,-0.0030897568379799623
2024-07-01,36363.48509889729,45391.35412105635,23346.475927204614,22834.323495893357,127935.63864305161,-0.0007071206129701801
2024-07-02,36466.48472142734,45906.16615359685,23530.419629687778,22656.399389600636,128559.46989431261,0.00487613348303606
2024-07-03,36940.27976858897,45900.845747148705,23543.684218014318,22702.812668377475,129087.62240212946,0.004108234953450252
2024-07-04,36929.98302281258,45754.85673515923,23468.802826579526,22671.86947673423,128825.51206128558,-0.0020304839144635878
2024-07-05,36682.78071226383,45950.60614450744,23548.10670932543,22826.586943638526,129008.08050973523,0.00141717619071291
2024-07-08,36734.28454412463,46079.26605087246,23594.315111117987,22865.268196224646,129273.13390233973,0.0020545487659162642
2024-07-09,36641.58568796674,46094.14795817243,23559.296546865247,22834.323495893357,129129.35368889777,-0.0011122203748118453
2024-07-10,37156.58380061701,46539.95719066249,23582.730900731913,22849.79660040302,130129.06849241443,0.007741963968356913
2024-07-11,37403.78209056998,46105.78796704849,23673.309238308524,22911.682983689527,130094.56227961651,-0.00026516913705509904
2024-07-12,37609.78133563008,46413.479114703056,23746.732288136678,22950.361218899572,130720.3539573694,0.004810283126268189
2024-07-15,37733.37444971291,46611.56542272693,23707.56417037431,22950.361218899572,131002.86526171371,0.0021611883367180784
2024-07-16,38104.17791553603,46983.83184357307,23850.25577356363,23035.457258950573,131973.7227916233,0.0074109640882285
2024-07-17,37929.07694899663,46320.125199301314,23854.76340658307,23035.457258950573,131139.4228138316,-0.006321712839070237
2024-07-18,37743.683257276614,46004.45775237205,23809.6672834891,22996.780532428562,130554.58882556632,-0.004459635216600866
2024-07-19,37712.78095816014,45784.91232707607,23804.856133035897,22981.304410542823,130283.85382881493,-0.0020737302241679023
2024-07-22,37990.87752663382,46261.24283537722,23804.462157455586,22934.891131765984,130991.47365123262,0.005431370055628326
2024-07-23,37856.98364617883,46373.23401738731,23896.312554458742,22973.570875664063,131100.10109368895,0.0008292710924495683
2024-07-24,37620.07406081069,45431.15488474006,23870.55341444278,22973.570875664063,129895.3532356576,-0.009189526537209836
2024-07-25,37609.78133563008,45281.17200940526,23974.714117566047,22981.304410542823,129846.97187314423,-0.0003724641513973559
2024-07-26,37918.77618262447,45804.35764100041,24070.42062735097,23119.03022411523,130912.58467509109,0.008206681962425133
2024-07-29,37877.577137731605,45859.41193541276,24122.20566679742,23181.09010652602,131040.28484646781,0.0009754613866470585
2024-07-30,37990.87752663382,45725.045913776885,24193.637996056146,23258.666845399544,131168.22828186638,0.0009763671953892938
2024-07-31,38413.17678312619,46427.44490915763,24304.34590652277,23359.51660593513,132504.48420474172,0.01018734445359648
2024-08-01,37826.08134706235,45650.92462373829,24398.081790482156,23468.12253167003,131343.21029295283,-0.008764034808018462
2024-08-02,37094.78322297982,45058.56697928338,24781.705534547804,23615.51833552973,130550.57407234074,-0.006034847319813297
2024-08-05,37094.78322297982,43790.198465767804,24767.72495752333,23615.51833552973,129268.22498180068,-0.009822623145490539
2024-08-06,36693.08549923177,43934.92451940041,24491.368050332403,23429.3356709213,128548.71373988588,-0.00556603327705707
2024-08-07,36641.58568796674,43590.04515760524,24389.32543854161,23390.547301484537,128011.50358559813,-0.004179039514738192
2024-08-08,37197.78284550987,44466.53715026775,24298.80501891487,23343.999749472387,129307.12476416488,0.010121130853684601
2024-08-09,37331.68074656063,44594.55562518237,24344.54953797586,23460.366366470713,129731.15227618958,0.0032792277517426083
2024-08-12,37434.68438968646,44618.9617831836,24384.2155340421,23499.154735907476,129937.01644281964,0.0015868522172053368
2024-08-13,37764.27674882939,45353.746962595025,24486.867530765645,23568.973800893647,131173.8650430837,0.009518831770378045
2024-08-14,37980.576760261654,45383.06240975656,24468.69173161469,23600.002987755022,131432.33388938793,0.0019704294465923144
2024-08-15,38454.37582801905,46162.215291358,24384.802130121352,23545.697761855517,132547.09101135394,0.008481604860674397
2024-08-16,38485.274106539764,46323.35061917738,24471.365529899438,23553.458453118947,132833.44870873552,0.0021604223464779526
2024-08-19,38577.976983293425,46566.30601903166,24397.814507754774,23568.973800893647,133111.0713109735,0.002090005227875391
2024-08-20,38444.075061646894,46328.39757628312,24379.572097834,23654.305196278456,132806.34993204247,-0.00228922640265683
2024-08-21,38557.37142995334,46440.12145850945,24399.823482728305,23631.03368330444,133028.35005449553,0.0016716077398908347
2024-08-22,38464.68061498699,45970.08935561399,24246.412572688678,23537.9415966562,132219.12413994587,-0.006083108707415796
2024-08-23,38814.870486278465,46514.40783963071,24386.21249063613,23638.79135719179,133354.28217373707,0.008585429991123661
2024-08-26,38917.87412940429,46080.96650754932,24195.005351248954,23592.245313867672,132786.09130207024,-0.004260762102311633
2024-08-27,39048.7899706521,46054.11657740191,24155.329785672617,23660.164131958205,132918.40046568483,0.0009964083008784375
2024-08-28,38903.50574237028,45676.88766379615,24073.59447100522,23597.93376779922,132251.9216449709,-0.0050141953136578765
2024-08-29,39069.5483066316,45780.397931683554,24096.952898768308,23543.482199160102,132490.38133624356,0.0018030716552672743
2024-08-30,39256.34920687239,46247.44165966809,24064.82147321303,23512.36550839257,133080.97784814608,0.004457655762976964
2024-09-03,38924.26407834978,45347.99750353084,24245.839078441953,23644.609558294535,132162.7102186171,-0.006900066744150113
2024-09-04,38924.26407834978,45412.21256951458,24427.92502963391,23745.733900052892,132510.13557755118,0.002628769933360031
2024-09-05,38851.61191271944,45186.61652350099,24422.768557901538,23776.849082132387,132237.84607625435,-0.0020548579179248128
2024-09-06,38571.42061384767,44420.05397286322,24437.540991585254,23800.18848606808,131229.20406436422,-0.007627483672930535
2024-09-09,39028.03565526838,45110.14561997196,24583.660399597517,23854.6400547072,132576.48172954508,0.010266599380729602
2024-09-10,38913.88290006215,45307.71536677634,24657.15431969954,23901.315845202513,132780.06843174054,0.0015356170230160782
2024-09-11,39235.5908708929,45913.963882046526,24733.248119408923,23862.417341539032,133745.22021388737,0.0072688001561243
2024-09-12,39619.56580847058,46184.37436354819,24656.18546410531,23877.97644126682,134338.1020773909,0.004432920014303399
2024-09-13,39744.0917007729,46410.37895934163,24698.96022340253,23901.315845202513,134754.74672871956,0.0031014629869388077
2024-09-16,39972.40525237691,46483.64070756186,24756.706904438393,23979.105309089286,135191.85817346646,0.003243755454691799
2024-09-17,39879.00279195863,46531.59385579425,24749.749818499804,23932.428009905932,135092.77447615864,-0.0007329117200289836
2024-09-18,39744.0917007729,46416.991266632496,24687.85804629889,23877.97644126682,134726.91745497112,-0.0027081908903431318
2024-09-19,40169.5792897138,47252.981468390884,24723.91138948645,23893.535540994602,136040.00768858576,0.009746309486027505
2024-09-20,40179.96046800143,47148.22135196653,24616.382428040433,23885.75674547473,135830.32099348312,-0.0015413605061139757
2024-09-23,40252.60057184445,47267.89683834316,24610.06837426318,23901.315845202513,136031.8816296533,0.0014839148924623569
2024-09-24,40262.97772953631,47278.02223070526,24578.663801396313,23953.65142455667,136073.31518619455,0.0003045871015299184
2024-09-25,40190.33360509752,46798.38983857988,24294.35592893191,23883.450661497078,135166.5300341064,-0.006663945468274646
2024-09-26,40387.51166303018,47192.8582367901,24409.62974711092,23860.049401351855,135850.04904828305,0.0050568658824354795
2024-09-27,40345.999011666965,47103.63393824602,24462.966221750517,23969.251258861455,135881.85043052494,0.0002340917980132584
2024-09-30,40377.13450533832,47403.170514641555,24471.293434527437,23969.251258861455,136220.84971336878,0.0024948091431620245
2024-10-01,40408.265978413896,47054.558260272745,24635.48489811379,24016.05227046386,136114.3614072643,-0.0007817327988228762
2024-10-02,40397.88882072204,46960.40423491442,24528.75897393537,23875.64923565665,135762.70126522848,-0.0025835638385257598
2024-10-03,40294.11322320766,46912.78469073681,24454.95805032614,23774.245786611402,135436.10175088202,-0.0024056645256962383
2024-10-04,40595.062858058925,47478.62740081111,24386.20993979912,23626.04283465179,136085.94303332095,0.004798139299920345
2024-10-07,40522.41873362013,47169.271786157995,24364.863120498037,23563.6419887446,135620.19562902075,-0.003422450503841934
2024-10-08,40501.66039764064,47738.612224950404,24473.16361756519,23610.444509035042,136323.88074919127,0.005188645517776758
2024-10-09,40750.73228522414,48179.88121029576,24474.9536508948,23602.644591882647,137008.21173829737,0.005019890758282575
2024-10-10,40844.130725046656,48299.81277433733,24563.93327555137,23641.64417764462,137349.52095257997,0.0024911588141487417
2024-10-11,41113.948886822334,48709.86480714642,24636.045399505216,23672.84535494223,138132.7044484162,0.0057021203307043855
2024-10-14,41113.948886822334,49223.844041496566,24678.94636746351,23672.84535494223,138689.58465072463,0.004031487000360601
2024-10-15,41062.055057171485,48928.96759615975,24810.06334789944,23766.44888683508,138567.53488806577,-0.0008800211130939317
2024-10-16,41269.61429339178,49058.06299473972,24800.817359425982,23836.64964989467,138965.14429745215,0.002869426880600656
2024-10-17,41508.296961496104,48969.23359524456,24641.21693552474,23735.24620084943,138853.9936931148,-0.0007998452050639315
2024-10-18,41684.72070404504,49297.77312428236,24730.26942823432,23782.04721245183,139494.81046901355,0.004615040294159822
2024-10-21,41508.296961496104,49232.982662584815,24578.15141964595,23633.844260492227,138953.2753042191,-0.0038821169258819177
2024-10-22,41456.41117303681,49328.44703192052,24643.15256107052,23665.04543778984,139093.0562038177,0.001005956133761865
2024-10-23,41279.98743048787,48829.15074233283,24554.616453351493,23618.242917499396,138281.9975436716,-0.005831050681333827
2024-10-24,41248.855957412285,49004.37804439759,24634.97980614367,23657.245520637443,138545.459328591,0.001905250065802555
2024-10-25,41103.56770853469,49046.7030320149,24618.233608587983,23641.64417764462,138410.1485267822,-0.0009766527352432774
2024-10-28,41311.12694475499,49344.27761136312,24656.256662092586,23711.171691684984,139022.8329098957,0.004426585692124618
2024-10-29,41259.23713569992,49401.26912782946,24671.49656518042,23711.171691684984,139043.1745203948,0.00014631848649138135
2024-10-30,41196.97016895299,49337.56276352536,24689.102283224158,23734.63933410384,138958.27454980635,-0.0006106014975657548
2024-10-31,40667.706982497715,48380.83075877783,24675.93540292349,23812.858774081218,137537.33191828025,-0.010225678435700436
2024-11-01,40771.48258001209,48674.18942592655,24706.43477545596,23726.816786630883,137878.92356802546,0.0024836285900047272
2024-11-04,40781.85973770395,48515.169708132424,24773.01994781383,23812.858774081218,137882.90816773142,2.889926613036664e-05
2024-11-05,40999.7961316161,49021.22935145766,24794.398823301486,23812.858774081218,138628.28308045646,0.005405854305149171
2024-11-06,41425.279699961226,49961.26354187716,24495.09058823873,23742.458864200715,139624.09269427782,0.007183307703835684
2024-11-07,41715.85217712062,50756.12758942839,24872.110023414552,23891.079722746636,141235.1695127102,0.011538673500711916
2024-11-08,41643.2120732776,50674.353341767855,24767.365193621597,23992.76680514287,141077.69741380992,-0.0011149637830549786
2024-11-11,41736.61051310012,50869.45636209808,24788.410150740354,23969.299162724015,141363.77618866257,0.0020278100656372366
2024-11-12,42016.80583256766,50765.69881481185,24679.810896520234,23851.968494069908,141314.28403796966,-0.00035010489976483594
2024-11-13,42182.848396828966,50877.244023769716,24717.68133093675,23773.74754540449,141551.52129693993,0.0016787917837557398
2024-11-14,42255.492521267755,50730.14263887922,24791.959104310758,23820.681321554166,141598.2755860119,0.0003302987395938928
2024-11-15,42016.80583256766,50344.512632320155,24916.214872241293,23805.036226608263,141082.56956373737,-0.003642036035680918
2024-11-18,42089.44995700645,50632.765562571905,24980.7009729742,23820.681321554166,141523.59781410673,0.0031260293297261654
2024-11-19,42120.58143008203,50583.66600602889,24900.995178687077,23734.63933410384,141339.88194890184,-0.0012981288494814391
2024-11-20,42120.58143008203,50357.113904357895,24757.911870369244,23648.595837965466,140884.20304277464,-0.003223993821446225
2024-11-21,43022.88498102507,50667.15289453352,24769.26907832387,23600.480384928014,142059.78733881048,0.008344330099797848
2024-11-22,43137.99463802543,50863.54264642708,24806.95255787837,23647.545416936933,142456.0352592678,0.0027893039112629747
2024-11-25,43096.136215425686,50859.06415141068,24928.728570261683,23875.028416564088,142758.95735366212,0.00212642513771355
2024-11-26,43127.52902722655,51724.94342974633,25189.57081177574,23922.091939884962,143964.13520863358,0.008442047191377533
2024-11-27,43274.03149602779,51406.75650360256,25172.23898351697,23977.000640999355,143830.0276241467,-0.0009315346790541579
2024-11-28,43389.137132432385,51308.718807022604,25124.233069595302,24016.2220039028,143838.31101295308,5.759151230955162e-05
2024-11-29,43525.169969838964,51548.49516550598,25181.594013490583,24259.3923417409,144514.65149057642,0.004702088566393314
2024-12-02,43472.84995703611,51658.30313846134,25268.359527487723,24275.081188639884,144674.59381162506,0.0011067550549299643
2024-12-03,43483.31556783499,51793.733289577314,25278.307632110984,24173.1044381405,144728.46092766378,0.0003723329343425785
2024-12-04,43483.31556783499,52191.64369321512,25395.218993451537,24243.703494841913,145313.88174934353,0.004044959905794565
2024-12-05,43546.09717084095,52134.731222788374,25412.95280474261,24243.703494841913,145337.48469321383,0.00016242731655191633
2024-12-06,43587.9555934407,52039.40063919999,25385.79388828081,24377.05341307516,145390.20353399665,0.0003627339560341447
2024-12-09,43483.31556783499,52245.00051228379,25545.466210593044,24322.143203272724,145595.92549398454,0.001414964385408446
2024-12-10,43326.351508830645,52176.034440988704,25560.562030318666,24298.612195956302,145361.5601760943,-0.0016096969547402251
2024-12-11,43577.494003237596,52577.3944808358,25510.07120370576,24243.703494841913,145908.66318262107,0.0037637392297109606
2024-12-12,43169.383429230526,52219.636664868936,25369.00853291587,24173.1044381405,144931.13306515582,-0.006699602999184151
2024-12-13,42991.49618981997,52461.57626786278,25403.00878881868,24149.571922136038,145005.65316863748,0.000514175953127749
2024-12-16,42813.600909217865,52711.780255164485,25440.087721384996,24118.195737026108,145083.66462279347,0.0005379890538836918
2024-12-17,42803.13931901476,52532.911426884835,25455.824759195144,24196.636954144957,144988.5124592397,-0.0006558433976779909
2024-12-18,41903.20936699267,51278.21606333868,25487.108278846805,24094.66171233361,142763.19542151177,-0.015348230007901642
2024-12-19,41662.5324833846,51804.92264847085,25695.599728959773,23906.40309298598,143069.4579538012,0.0021452485102002594
2024-12-20,41934.60217879354,52368.86617458963,25655.893658399258,24008.378334797326,143967.74034657975,0.0062786453910284035
2024-12-23,42185.74467320049,52520.010505021215,25508.754596557155,23992.690996586378,144207.20077136523,0.0016632922362260771
2024-12-24,42311.31592040396,53133.700648102706,25558.341264772804,23992.690996586378,144996.04882986585,0.005470240419903183
2024-12-26,42311.31592040396,53060.97811808542,25538.661133776757,23992.690996586378,144903.64616885252,-0.0006372770965762387
2024-12-27,42258.99590760111,52727.06705670538,25591.10403860795,23969.156971893877,144546.32397480833,-0.0024659296262828923
2024-12-30,41976.46060139329,52118.32506749679,25671.00751586169,24109.51889796946,143875.3120827212,-0.004642192714662596
2024-12-31,42154.3558819954,51741.27904459966,25546.42775719091,24156.715185837616,143598.7778696236,-0.0019220407524720429
2025-01-02,42395.032765603464,51707.27724155178,25593.002882521567,24172.44778468968,143867.7606743665,0.0018731552505768523
2025-01-03,42677.568071811285,52437.20322551125,25619.26756426871,24140.98409567359,144875.02295726482,0.007001306464887502
2025-01-06,42593.85122661178,52865.50334864911,25660.722423755495,24148.847377723545,145268.92437673992,0.002718904966739988
2025-01-07,42478.74559020719,51918.89979495772,25398.283287440663,24070.188909527336,143866.11758213292,-0.009656619959331092
2025-01-08,42740.34967481725,52084.88755630775,25470.107512870698,24046.59001124924,144341.93475524496,0.0033073609068541288
2025-01-09,42761.28089641501,52131.6665586493,25492.98298164647,23975.794825102992,144361.72526181376,0.00013710850282255826
2025-01-10,42196.210283999375,51448.0428918588,25405.40527598034,23834.20294412245,142883.86139596096,-0.010237227791317527
2025-01-13,41913.678998387324,51572.91216114168,25406.98025047437,23779.140356828266,142672.71176683164,-0.0014777710167294122
2025-01-14,41945.067789592424,51455.01926669948,25322.419492179164,23700.480379944012,142422.98692841508,-0.0017503335804304188
2025-01-15,42290.38871940198,52320.73300937563,25503.4531443346,23889.267040104674,144003.84191321686,0.011099717952105292
2025-01-16,42405.49435580657,52131.11866644723,25509.247934147472,23991.525915267015,144037.38687166828,0.00023294488539837843
2025-01-17,42792.67370821588,52894.23956649148,25633.176258080264,24070.188909527336,145390.27844231494,0.009392641730247675
2025-01-20,42897.31775441737,53182.67264056498,25772.954348983567,24101.652598543427,145954.59734250934,0.003881407383219848
2025-01-21,43127.52902722655,53018.269811961196,25544.435518189555,24133.11628755952,145823.3506449368,-0.0008992296231994379
2025-01-22,43137.99463802543,53456.82735942389,25560.405243156874,24070.188909527336,146225.41615013353,0.0027572093455436875
2025-01-23,43378.6715216335,53930.606794670966,25612.261773073802,24038.723711823208,146960.26380120148,0.005025444074055141
2025-01-24,43441.45714523524,53721.04952833581,25624.026205697613,24117.38519739549,146903.91807666415,-0.00038340788917978763
2025-01-27,43368.20591083462,53008.4521209615,25767.013242522065,24211.777773131806,146355.44904744998,-0.0037335221306210586
2025-01-28,43598.41718364381,53509.254416036136,25788.204007288776,24281.365634693644,147177.24124166236,0.005615043372563022
2025-01-29,43692.59561904641,53272.49003092153,25771.660599722305,24305.029406557347,147041.7756562476,-0.0009204248175322949
2025-01-30,44205.34621865919,53546.46674544856,25804.057116914577,24391.798581641615,147947.66866266393,0.006160786636133286
2025-01-31,43797.24368584368,53617.7791082827,25923.613383430744,24478.566248037845,147817.20242559497,-0.0008818404389083767
2025-02-03,43294.958697029775,54091.091530354875,26427.653897855296,24612.66145816147,148426.3655834014,0.004121057277572726
2025-02-04,43242.63466363114,53336.87308959387,25934.66166614997,24596.886616044365,147111.05603541934,-0.008861697467374752
2025-02-05,43682.134028843306,53234.663939389065,25909.728753591186,24675.766861382046,147502.2935832056,0.0026594707313640775
2025-02-06,43640.27560624356,53344.46142088402,25851.694396625855,24675.766861382046,147512.1982851355,6.714947740316113e-05
2025-02-07,43483.31556783499,52836.76268073487,25760.015030768744,24494.342598842988,146574.4358781816,-0.006357185492831152
2025-02-10,43828.63247704877,53280.32711235648,25813.569131191765,24494.342598842988,147416.87131944,0.005747492297760282
2025-02-11,43870.49089964852,53337.49732951869,25768.82859141509,24431.238704310457,147408.05552489276,-5.9801801980507996e-05
2025-02-12,43703.06525044107,52979.80335480645,25552.947901250267,24320.80575736249,146556.62226386028,-0.005776029389986115
2025-02-13,43964.66933505113,53580.818510489196,25721.245665279566,24431.238704310457,147697.97221513034,0.007787774674659076
2025-02-14,43619.34840524157,53171.38484809943,25612.395837100004,24447.015055115597,146850.1441455566,-0.0057402823942553916
2025-02-18,43891.42212124628,53296.17656047209,25505.943139555988,24305.029406557347,146998.5712278317,0.0010107384173076994
2025-02-19,43807.705276046785,53433.78886749973,25547.12073604127,24336.580599479596,147125.1954790674,0.000861397836577904
2025-02-20,43640.27560624356,53410.080205379636,25675.459116261423,24281.365634693644,147007.18056257826,-0.0008021394031447748
2025-02-21,43117.06341642767,52286.11083987442,25660.123298417468,24423.349774563863,145486.64732928344,-0.01034325825089577
2025-02-24,43117.06341642767,52186.08526922788,25765.457347658314,24439.126125369006,145507.7321586829,0.00014492621684869533
2025-02-25,43528.11545830276,52169.75801950212,26029.61395421092,24651.11150732327,146378.59893933908,0.005985020642796268
2025-02-26,43707.293308956665,52285.600802046894,26113.378595866358,24666.93010139345,146773.20280826336,0.002695775692509672
2025-02-27,43422.71956069159,51603.47199279094,26141.436543736054,24690.660255530787,145858.28835274937,-0.006233525180404986
2025-02-28,43907.547122656186,52776.69690931591,26445.030173207335,24777.66931201297,147906.9435171924,0.014045517656757989
2025-03-03,43317.31964248466,51871.218981493665,26567.458691974585,24927.955762151974,146683.95307810488,-0.008268647907969107
2025-03-04,42568.99831589637,51450.22074508334,26596.10124498164,24840.948214357824,145456.2685203192,-0.008369590074600586
2025-03-05,43011.669931173965,51652.58262842384,26342.476030156708,24690.660255530787,145697.3888452853,0.0016576825971059694
2025-03-06,42579.54031801496,50557.84079807481,26211.09276868825,24492.91349711712,143841.38738189513,-0.012738742115420143
2025-03-07,42874.65204780283,50663.88222233729,26095.147130671616,24572.012502220194,144205.69390303193,0.0025326961020584182
