Date,one_day,one_week,one_month,ytd,one_year,inception
2022-05-02,,,,0.0,,0.0
2022-05-03,0.0,,,0.0,,0.0
2022-05-04,0.0,,,0.0,,0.0
2022-05-05,-3.023777539847272,,,-3.023777539847272,,-3.023777539847272
2022-05-06,-0.1948959915468284,,,-3.2127803101756447,,-3.2127803101756447
2022-05-09,-5.181819407708177,-8.228119244244114,,-8.228119244244114,,-8.228119244244114
2022-05-10,0.5587798274436562,-7.715316487315304,,-7.715316487315304,,-7.715316487315304
2022-05-11,-0.3050574654212101,-7.996837803811097,,-7.996837803811097,,-7.996837803811097
2022-05-12,-0.0037657109124955,-5.131695905279587,,-8.000302376929746,,-8.000302376929746
2022-05-13,1.6863064716072795,-3.343545999407782,,-6.448905522052783,,-6.448905522052783
2022-05-16,-0.990217985898978,0.9293194730694898,,-7.375265285578758,,-7.375265285578758
2022-05-17,0.858695016509814,1.2303397915740089,,-6.579901304530599,,-6.579901304530599
2022-05-18,-2.4719081852110247,-0.9698824971931196,,-8.889160370816128,,-8.889160370816128
2022-05-19,0.4934505646291942,-0.4774700924534469,,-8.439573418227509,,-8.439573418227509
2022-05-20,-0.3786862476317987,-2.49852196059972,,-8.786300161965688,,-8.786300161965688
2022-05-23,0.8824705682515699,-0.6543617349854314,,-7.981366106681698,,-7.981366106681698
2022-05-24,-0.3552859654721074,-1.8501308798949512,,-8.308295398523825,,-8.308295398523825
2022-05-25,1.1996354628877492,1.8448202036758456,,-7.208329193598228,,-7.208329193598228
2022-05-26,1.248524661089978,2.6100480385489844,,-6.049802300142881,,-6.049802300142881
2022-05-27,1.106556825492544,4.139849818327135,,-5.010189974931379,,-5.010189974931379
2022-05-30,-0.3608906083211738,2.856341935650697,,-5.352999278173975,,-5.352999278173975
2022-05-31,-1.223292912194629,1.960358438887644,,-6.510809329608868,,-6.510809329608868
2022-06-01,-0.8855840537380755,-0.1405357823855535,-7.3387346941546365,-7.3387346941546365,,-7.3387346941546365
2022-06-02,1.508848328240009,0.1162164222691108,-5.940616741661353,-5.940616741661353,,-5.940616741661353
2022-06-03,-1.5434065863494828,-2.507790553944911,-7.392335457950261,-7.392335457950261,,-7.392335457950261
2022-06-06,0.1608498171513206,-1.9972919440397807,-4.164388543867215,-7.24337619886628,,-7.24337619886628
2022-06-07,0.750201908812631,-0.0392611238667739,-3.445427957401037,-6.547514236560015,,-6.547514236560015
2022-06-08,-1.326369320120857,-0.4838101886287083,0.4806264228161883,-7.787039336616597,,-7.787039336616597
2022-06-09,-1.5302545036823156,-3.463254239652558,-1.606784329089339,-9.198132320146824,,-9.198132320146824
2022-06-10,-0.9183058394656384,-2.850342602307987,-2.2120254576075693,-10.031971173394773,,-10.031971173394773
2022-06-13,-2.492709570417706,-5.4241265294349255,-6.22730001046885,-12.274612838271723,,-12.274612838271723
2022-06-14,0.1652158311746365,-5.973262592812823,-6.072372664766245,-12.129676610721296,,-12.129676610721296
2022-06-15,1.3845833651245476,-3.389978340449173,-3.819469448977142,-10.913038730192214,,-10.913038730192214
2022-06-16,-2.755247505576808,-4.591835823164525,-7.265785198931019,-13.367605008372765,,-13.367605008372765
2022-06-17,0.6977768267080853,-3.035670664262191,-4.251902272714858,-12.763104231698977,,-12.763104231698977
2022-06-20,0.334736066619401,-0.2239694189429486,-4.039733858774053,-12.471090878163292,,-12.471090878163292
2022-06-21,1.0819548133504495,0.68920763520115,-3.0014871403551635,-11.524067632846446,,-11.524067632846446
2022-06-22,-0.1059086850569435,-0.7910614406094973,-3.951813962965955,-11.617771329408376,,-11.617771329408376
2022-06-23,0.8048622231860314,2.840956722692201,-2.83353960055317,-10.90641615882888,,-10.90641615882888
2022-06-24,2.169742415714881,4.344250580875864,-1.9020949527147613,-8.973314880546502,,-8.973314880546502
2022-06-27,-0.962445331520112,2.9952320239680086,-5.094448536856433,-9.84939696191619,,-9.84939696191619
2022-06-28,-1.2463709020775426,0.6228358061595607,-6.277323714749283,-10.9730078462303,,-10.9730078462303
2022-06-29,-0.1523908716679511,0.576014524042634,-6.081204405341422,-11.108676855593192,,-11.108676855593192
2022-06-30,-0.265701240884697,-0.4921185415320606,-5.170707800499574,-11.344862204226702,,-11.344862204226702
2022-07-01,1.0404559040810613,-1.591983390707008,-3.327938469679204,-10.422444588759372,,-10.422444588759372
2022-07-04,0.0885561025008474,-0.5476627093075392,-3.186326697269781,-10.343118196971634,,-10.343118196971634
2022-07-05,-0.2052091823450452,0.500865506524617,-3.384997244652521,-10.5271023510357,,-10.5271023510357
2022-07-06,1.0276806195127497,1.6886576555664945,-2.548853576627952,-9.607606722180806,,-9.607606722180806
2022-07-07,0.911142098024853,2.8885620103727083,-2.393183358135287,-8.784003573614408,,-8.784003573614408
2022-07-08,-0.8594050272686671,0.9539511904074204,-1.931267669043124,-9.567918432575972,,-9.567918432575972
2022-07-11,-0.5863133895161576,0.2732465783116256,-0.0735401927685841,-10.098133835223956,,-10.098133835223956
2022-07-12,0.0821334721521127,0.5619668673245926,0.0085328782697846,-10.024294311013271,,-10.024294311013271
2022-07-13,0.0749430109526327,-0.3863788458281281,2.6420505001074623,-9.95686380804406,,-9.95686380804406
2022-07-14,-0.7150967305969314,-1.9917074072982928,1.7399700156653486,-10.60075933107968,,-10.60075933107968
2022-07-15,2.104783684619771,0.9386267777512504,2.462694876572757,-8.719098699306294,,-8.719098699306294
2022-07-18,-1.074321058938399,0.4431333936109283,3.51153667258719,-9.699748644768423,,-9.699748644768423
2022-07-19,1.6411182823286463,2.007741519103634,5.210283425240347,-8.217814710788996,,-8.217814710788996
2022-07-20,-0.3451472076455353,1.5795378834665197,4.4973627081917655,-8.534598360430756,,-8.534598360430756
2022-07-21,0.9298345211813164,3.2624861555952123,4.340102499132437,-7.6841214810489,,-7.6841214810489
2022-07-22,-0.3192834524486265,0.8109340328765757,4.117231007862898,-7.97887080514249,,-7.97887080514249
2022-07-25,0.5015270071975664,2.416813488459746,1.5994813924441464,-7.517359989902117,,-7.517359989902117
2022-07-26,-1.0037153282919098,-0.2482047166186718,0.5797118242430788,-8.4456224236925,,-8.4456224236925
2022-07-27,1.4815726420796205,1.5802921341022236,3.0617866725245246,-7.089177812895642,,-7.089177812895642
2022-07-28,0.8611436195203215,1.5111585435164443,5.26124216614281,-6.289082195787521,,-6.289082195787521
2022-07-29,0.4249281148363426,2.2690361051262986,5.869862784864233,-5.8908781593662525,,-5.8908781593662525
2022-08-01,0.070409153446449,1.8303362299723736,5.132790065869597,-5.824616723362375,,-5.824616723362375
2022-08-02,-0.500777862482138,2.347671718025257,4.6063083270099,-6.296226194719479,,-6.296226194719479
2022-08-03,1.3087660775155996,2.1733903280127143,5.881595591014066,-5.06986298980403,,-5.06986298980403
2022-08-04,-0.2542672697404047,1.043467465007453,5.829545293323113,-5.311239257340683,,-5.311239257340683
2022-08-05,-0.1968476385997508,0.417862057144891,4.546814976639579,-5.497631846881978,,-5.497631846881978
2022-08-08,0.8467734875158284,1.196921993685396,5.385818284695643,-4.697410848286776,,-4.697410848286776
2022-08-09,-1.2257146056006918,0.4596160583452136,4.0940889177483175,-5.865548603034942,,-5.865548603034942
2022-08-10,1.743092392478185,0.890301936127913,6.533163263180208,-4.224698142033367,,-4.224698142033367
2022-08-11,-0.7280444887467818,0.411088185648234,5.670763372347665,-4.921984948790881,,-4.921984948790881
2022-08-12,1.0446924294909676,1.6601909074906107,6.694737588606969,-3.928712123440614,,-3.928712123440614
2022-08-15,0.3172894497633916,1.126436117933105,5.581902198539201,-3.623888062756475,,-3.623888062756475
2022-08-16,1.0786668343942374,3.485692695214415,6.720779160677393,-2.584310907010768,,-2.584310907010768
2022-08-17,-1.3109874496777807,0.3793042360076493,6.465464040364699,-3.861418365036984,,-3.861418365036984
2022-08-18,0.7831578573409104,1.907363588509381,5.566780945193872,-3.108501509026662,,-3.108501509026662
2022-08-19,-0.8486514638586407,-0.0021447676301744,5.033406783963867,-3.9307726293248746,,-3.9307726293248746
2022-08-22,-1.1184893721417066,-1.4333517267303586,3.231403595886473,-5.005296727364527,,-5.005296727364527
2022-08-23,0.1310471034010829,-2.357421104046564,3.366685360099164,-4.880808920341284,,-4.880808920341284
2022-08-24,-0.465699748397097,-1.521096279943246,2.371884318814854,-5.323778753876606,,-5.323778753876606
2022-08-25,1.2707257895297364,-1.0446758494683903,4.723879888908589,-4.120703593949893,,-4.120703593949893
2022-08-26,-2.31510127615926,-2.508226458402363,0.8059033239087077,-6.34040640861887,,-6.34040640861887
2022-08-29,0.3020818639246414,-1.1076207398316495,-0.1770281136717622,-6.057477762553775,,-6.057477762553775
2022-08-30,-1.0909631517438512,-2.314514157083292,-1.2660599539272233,-7.082356063983086,,-7.082356063983086
2022-08-31,-0.0026383251521044,-1.860053935928807,-1.3381318624312355,-7.084807533553795,,-7.084807533553795
2022-09-01,0.377432772821118,-2.725730841033591,-0.4673119702159223,-6.734115146255604,,-6.734115146255604
2022-09-02,-0.410929106341551,-0.8295630751693484,-2.1568585994800604,-7.117371813406647,,-7.117371813406647
2022-09-06,-0.5403958425559185,-0.5778769110528992,-2.245101227795732,-7.619305674583677,,-7.619305674583677
2022-09-07,1.7890660733060448,1.2035206404318988,-1.3316985164127493,-5.966554014123082,,-5.966554014123082
2022-09-08,0.3137592532284294,1.1393230994474424,0.2061235009527706,-5.671515376212833,,-5.671515376212833
2022-09-09,0.657146833817901,2.224025232293747,-0.8634173613069729,-5.051638726119212,,-5.051638726119212
2022-09-12,0.1496087301878113,2.3769612983906674,-1.0209872134772646,-4.909587688483219,,-4.909587688483219
2022-09-13,-3.0650889211264687,-0.2217862814405835,-4.054781968637322,-7.824193381297007,,-7.824193381297007
2022-09-14,1.3234773390967902,-0.6781772674177011,-3.092446194294529,-6.604267468568803,,-6.604267468568803
2022-09-15,-0.690564153169626,-1.6725695828790577,-4.788668082568648,-7.249224918021047,,-7.249224918021047
2022-09-16,-0.1249343398824764,-2.436549435343216,-3.644410040156465,-7.365102486605601,,-7.365102486605601
2022-09-19,0.735081229313761,-1.8661955622758963,-2.8660458600775485,-6.684160743190604,,-6.684160743190604
2022-09-20,-1.247254231445638,-0.0258778485463406,-4.07755321325819,-7.848046496930161,,-7.848046496930161
2022-09-21,-0.2418018121418397,-1.570311707081817,-3.2271008355717834,-8.070871590424689,,-8.070871590424689
2022-09-22,-0.4287093653012386,-1.310776599182839,-3.768084455232013,-8.464980373356335,,-8.464980373356335
2022-09-23,-1.2299205573830465,-2.402643032040508,-4.5069496721671705,-9.590788396949035,,-9.590788396949035
2022-09-26,-0.5195864928956739,-3.618230015902657,-3.9719754245179817,-10.060542448771947,,-10.060542448771947
2022-09-27,0.5411663224590413,-1.8727480334040925,-3.452304095392777,-9.573820393902356,,-9.573820393902356
2022-09-28,2.051764902688591,0.383321172101625,-1.7681130714695903,-7.718487777902294,,-7.718487777902294
2022-09-29,-1.9182321604003905,-1.1183490802421647,-2.589718440476474,-9.488661423450385,,-9.488661423450385
2022-09-30,-0.4219605357448142,-0.30947638045693,-2.9981921633214226,-9.870583552617797,,-9.870583552617797
2022-10-03,2.8873365835111686,3.1046423736257323,-0.162433092782066,-7.268243939027396,,-7.268243939027396
2022-10-04,1.244610586734618,3.826022201917123,1.0801558344834206,-6.1140946858276095,,-6.1140946858276095
2022-10-05,-1.2097025130738626,0.5078513829932296,-0.1426133508652949,-7.249834841835301,,-7.249834841835301
2022-10-06,-0.1816262990684047,2.2874127394630017,0.2175910690643823,-7.4182935341919,,-7.4182935341919
2022-10-07,-0.6800690202785509,2.0222814993712923,-2.213424173033718,-8.047913038311084,,-8.047913038311084
2022-10-10,-0.6397068021923857,-1.4751072474418203,-3.775207933188107,-8.63613679336287,,-8.63613679336287
2022-10-11,-0.0148705538939197,-2.700755146971145,-3.789517092751715,-8.649723105880568,,-8.649723105880568
2022-10-12,-0.1536766825209534,-1.6606680283784647,-4.080873558197784,-8.790107180885165,,-8.790107180885165
2022-10-13,1.6377196343412503,0.1317200569337373,0.5726540867232233,-7.296344857724913,,-7.296344857724913
2022-10-14,-1.9502552658809624,-1.148848025526927,-2.6768196334785443,-9.104302773801257,,-9.104302773801257
2022-10-17,2.101403767265153,1.5782165669742998,0.1844718601571315,-7.194217168007988,,-7.194217168007988
2022-10-18,0.1219554744969819,1.717222677391761,0.3066523081864725,-7.081035435194593,,-7.081035435194593
2022-10-19,-0.6701005087693224,1.1911222103430985,-1.092553155408238,-7.703685889486545,,-7.703685889486545
2022-10-20,-0.5393864717575747,-0.9764176640235211,-0.3835764857525237,-8.201519721729532,,-8.201519721729532
2022-10-21,1.605156258565299,2.6143064809907024,1.460756719205181,-6.728010670275042,,-6.728010670275042
2022-10-24,-0.2798698927918286,0.2210705787186295,2.877734982974101,-6.989050886816961,,-6.989050886816961
2022-10-25,1.9998921076226803,2.1008662634802056,4.935178685399566,-5.128932256277463,,-5.128932256277463
2022-10-26,-0.1593824201047033,2.625831651909816,5.315133667581362,-5.280140060026584,,-5.280140060026584
2022-10-27,-0.1522891168630136,3.025247929037733,4.58875108265604,-5.424388098223043,,-5.424388098223043
2022-10-28,1.3798884314385695,2.796831630153207,3.900171898583449,-4.119350170628177,,-4.119350170628177
2022-10-31,0.0946047378656445,3.18286006308921,6.481725112283532,-4.028642533193228,,-4.028642533193228
2022-11-01,0.3476514724257473,1.511457175013664,6.851910397500727,-3.694996695852893,,-3.694996695852893
2022-11-02,-1.6446039598396744,0.0013803507635801,2.14533988119745,-5.278832593716631,,-5.278832593716631
2022-11-03,0.201343263235243,0.3555569846970696,1.092791061776599,-5.088117904286293,,-5.088117904286293
2022-11-04,1.4329412271622877,0.4080737407008872,3.797026581643914,-3.728086416261145,,-3.728086416261145
2022-11-07,-1.0569345237083638,-0.7470718277764465,3.59132200243002,-4.745617507562361,,-4.745617507562361
2022-11-08,0.2137188416650115,-0.8795433463995361,3.812716175879083,-4.542040944664372,,-4.542040944664372
2022-11-09,-1.67858303992231,-0.9137867338501304,2.7272869713314,-6.144382055623209,,-6.144382055623209
2022-11-10,4.871027933555316,3.70392951685381,7.747184418216579,-1.5726486883416602,,-1.5726486883416602
2022-11-11,-0.5931176799223503,1.632509053685438,7.272970359904374,-2.156438710850394,,-2.156438710850394
2022-11-14,-1.336487657851959,1.3453571820502883,6.205130841653195,-3.4641058314827,,-3.4641058314827
2022-11-15,1.308907789376823,2.4529132768705164,7.5952580719574225,-2.200539993166417,,-2.200539993166417
2022-11-16,-0.8664602066274951,3.299161762523495,4.46769979742736,-3.0479333964221977,,-3.0479333964221977
2022-11-17,-0.0270766427120539,-1.5255272571567224,4.312199014337548,-3.0741847610984085,,-3.0741847610984085
2022-11-18,0.3625533224210331,-0.5788201894471601,5.396649844387524,-2.7227769976660987,,-2.7227769976660987
2022-11-21,0.2602859102188715,1.0302154941536743,4.565607111565151,-2.469578092338842,,-2.469578092338842
2022-11-22,1.4697698641899182,1.190635050911637,6.102480893198159,-1.0361053427227485,,-1.0361053427227485
2022-11-23,-0.1075785760646708,1.9652640441381708,6.285799307659268,-1.1425692914131869,,-1.1425692914131869
2022-11-24,-0.1313279922646071,1.8589350899863355,4.065028019214534,-1.2723967703671455,,-1.2723967703671455
2022-11-25,0.1726625148047444,1.6662130556531096,4.411122287184566,-1.1019312078244137,,-1.1019312078244137
2022-11-28,-0.7114242554739469,0.6808768197068771,2.4132440876637684,-1.8055160574072635,,-1.8055160574072635
2022-11-29,0.5908694539672688,-0.1911904379291007,3.0183726637946995,-1.2253148463096997,,-1.2253148463096997
2022-11-30,2.553753651854884,2.467914204159172,5.549353428647774,1.2971472829108377,,1.2971472829108377
2022-12-01,-0.7662795532767275,1.8164370114660768,4.377679774089804,0.5209279552292667,,0.5209279552292667
2022-12-02,0.2811508175496469,1.9267055434747384,6.4213481804036965,0.8035433659838942,,0.8035433659838942
2022-12-05,-1.3847341531881607,1.235505582460017,3.257199917299736,-0.5923177266287327,,-0.5923177266287327
2022-12-06,0.2766712946468574,0.9192938856674272,3.542882949127036,-0.317285205104556,,-0.317285205104556
2022-12-07,0.5899959274967559,-1.0131662715445855,5.266378437300956,0.2708387526035416,,0.2708387526035416
2022-12-08,0.3391542226491406,0.0895172606539373,5.398138124863938,0.6109115363187145,,0.6109115363187145
2022-12-09,-1.0798656742789905,-1.2688983791781183,6.039948399297357,-0.47555116194119,,-0.47555116194119
2022-12-12,1.3439239306662465,1.4629648496245815,3.0849453903128765,0.8619817228571636,,0.8619817228571636
2022-12-13,0.4352368624624958,1.6234062805768,3.533609072300848,1.3009702475252238,,1.3009702475252238
2022-12-14,-0.8165403329731924,0.2024199833994044,4.079221343689543,0.4738069677610257,,0.4738069677610257
2022-12-15,-1.5343130706375496,-1.668494297286249,1.1582520066826252,-1.0677757851124905,,-1.0677757851124905
2022-12-16,-0.0015701178447513,-0.5966151861278468,2.040806687384311,-1.0693291376190903,,-1.0693291376190903
2022-12-19,-0.1907319780866889,-2.101885417809602,1.5057537513602837,-1.25802156308934,,-1.25802156308934
2022-12-20,-0.4018932690138088,-2.91786857363866,1.0978089593718376,-1.6548589281183634,,-1.6548589281183634
2022-12-21,0.7606807945740313,-1.3740628896363185,1.6023838861587647,-0.9067663275878156,,-0.9067663275878156
2022-12-22,-0.6605462566685816,-0.4988740443541251,-0.5307164115952778,-1.5613229732227785,,-1.5613229732227785
2022-12-23,0.4543791834096922,-0.0451922324799736,0.0288609311606347,-1.1140381163892157,,-1.1140381163892157
2022-12-27,-0.6951809770916473,-0.1490826925477195,-0.7073376792258501,-1.8014745124181777,,-1.8014745124181777
2022-12-28,-1.1732807034785853,-2.0655825424400365,-1.1692131365835468,-2.9536188630644777,,-2.9536188630644777
2022-12-29,1.7974192696896818,0.35761803783112,0.0162251474778774,-1.2092885079727056,,-1.2092885079727056
2022-12-30,-0.7249175260108709,-0.8205427320563952,-3.1813205593636096,-1.9254396896492445,,-1.9254396896492445
2023-01-03,0.113973177477944,-0.0124100484068745,-2.596341632007637,0.0,,-1.813660996966016
2023-01-04,1.9870257892530272,3.185019067584527,0.7339921729287102,1.9870257892530272,,0.1373268805476613
2023-01-05,-1.92803882293886,-0.5912207141426595,-1.4807727256376024,0.0206763376755514,,-1.79335965796249
2023-01-06,2.3249874388536984,2.4627916516944515,0.2185018538112926,2.346144498783032,,0.4899323941101263
2023-01-09,-0.7479563490686347,1.6964146961026216,0.2148846128078085,1.580640012977419,,-0.2616884354064153
2023-01-10,0.187663413503003,1.771269709483958,0.4029512861102979,1.771269709483958,,-0.0745161153540396
2023-01-11,1.1577057800202797,0.9437041472770248,0.2184621605393566,2.949481581310676,,1.0823269872917374
2023-01-12,0.356607151629662,3.295249120684307,0.1400021603843892,3.3166067951953204,,1.4427937943621183
2023-01-13,-0.2791339024745931,0.6664350897640725,0.6825914317387216,3.02821511874356,,1.1596325652646566
2023-01-16,0.1399184003607168,1.566962500016844,2.396125106517633,3.172370549257897,,1.301173504960751
2023-01-17,-0.2420603425119294,1.1313226704662285,2.1482646953658424,2.922631155728661,,1.055963537406024
2023-01-18,-0.6926763133112912,-0.7185768216328658,1.6345574632318003,2.209710468676196,,0.3559728147939145
2023-01-19,-0.0719255781680749,-1.1425184085435247,1.97127189824462,2.136195543477682,,0.2837912011206756
2023-01-20,0.8515815573144181,-0.0215926973493485,2.0632647899168743,3.005968548068516,,1.1377894719651227
2023-01-23,0.0744991658523375,-0.0869064201642344,2.3533920827018218,3.0827071354149416,,1.213136281483207
2023-01-24,0.1100258233067918,0.2657273466757148,2.4660072450232384,3.1961247326276254,,1.3244968679715583
2023-01-25,0.0138506597187948,0.9790729309793188,2.480199463014188,3.210418076707322,,1.3385309792445232
2023-01-26,0.5779894157630361,1.635823438289874,3.79408087475166,3.806963369155469,,1.9242569623942885
2023-01-27,-0.396250159836331,0.3782883344605414,4.610167573400115,3.395628110883964,,1.5203819312688216
2023-01-30,-0.8049410113637689,-0.5038214978875244,2.680249010081704,2.563354296262288,,0.7032027422108955
2023-01-31,1.6703202010603937,1.046905581124702,4.395337951796208,4.276490721957904,,2.385268680728858
2023-02-01,0.16481325403499,1.1994274859761456,4.567395305335387,4.448352199510253,,2.5540131736940364
2023-02-02,0.5572524807087031,1.1785624242712789,5.03039323320138,5.03039323320138,,3.1254979561707863
2023-02-03,-0.734494412604414,0.8349702673668968,2.22766087797166,4.2589508633670725,,2.36804693571222
2023-02-06,-0.1064450721797505,1.5450138721351925,1.760523425584548,4.147972347866702,,2.259081194262502
2023-02-07,0.8607579518098429,0.736449389718552,2.636435222773592,5.044434301499701,,3.1392843670897896
2023-02-08,-1.0143659080474765,-0.4494592954129017,2.360941374616421,3.978899371643952,,2.093074628665903
2023-02-09,-0.2970759973763059,-1.2952348097051702,1.86568696176328,3.670003019274737,,1.789780608960645
2023-02-10,0.2663521760983389,-0.3000418980805275,0.9680949643053216,3.946130328277797,,2.060899904658342
2023-02-13,0.3357521265051844,0.141298308637805,1.2296792204651077,4.295131671274821,,2.4035715464185703
2023-02-14,-0.492120800278395,-1.2019300929672627,0.7315069129661067,3.781873634642752,,1.899622270610668
2023-02-15,0.286101487855861,0.0960730957875855,0.8785535944872969,4.078795119236145,,2.191158606046395
2023-02-16,-0.5208483422327048,-0.128581629353397,0.5966338769400892,3.5367024402418457,,1.6588976505384156
2023-02-17,0.5607593811104206,0.1646659507665404,1.8663429674583565,4.117294212067879,,2.228959455847246
2023-02-21,-1.7409420589761582,-1.4233710921245255,-0.6808305494251266,2.3046724464620416,,0.4492125042267147
2023-02-22,0.547216672167683,-1.1667068660329738,-0.2116809608353365,2.8645006704956177,,0.9988873421109988
2023-02-23,0.5002385063005654,-0.152249322571929,0.1772777611655618,3.3790685121632524,,1.5041226675313712
2023-02-24,-0.6574005495846968,-1.3617721005803718,-0.4950703026111336,2.6994539476087542,,0.8368340072639091
2023-02-27,0.4662030783294524,-0.9019176457036536,-0.210246943237069,3.178241963340067,,1.306938431495741
2023-02-28,-0.206615406802979,0.6455104705592962,-0.4164279474629828,2.9650598189753463,,1.0976226885358598
2023-03-01,0.3118245168746592,0.409888198612407,0.7047115687689898,3.286130119305564,,1.4128698620561542
2023-03-02,0.0564763852853644,-0.033474977636394,-0.8938048484437133,3.344462392098091,,1.4701441851683985
2023-03-03,1.1601350098554342,1.795475693948312,0.0909975883237379,4.543397681055694,,2.6473348524113094
2023-03-06,-0.3029113689927531,1.0161850605876266,-0.0309105541075549,4.226723843948488,,2.3364044051753075
2023-03-07,-0.9967006855277628,0.2164186125945599,-1.0273031539306363,3.187895372892724,,1.316416760924466
2023-03-08,1.052672138759991,0.9565616192698468,0.1211288586280723,4.274125598055956,,2.382946452156665
2023-03-09,-0.97248631026301,-0.0816573899329986,-1.6986719114596591,3.260074001468416,,1.3872863138655325
2023-03-10,-1.0473426196798696,-2.2620371024598573,-1.7314206489829842,2.178587237338059,,0.3254140533635707
2023-03-13,-0.9992748395881934,-2.9447164864503272,-2.68272421093727,1.1575423236286797,,-0.6771125669843725
2023-03-14,0.6809349052041114,-1.300090509151175,-2.0200569112957867,1.84635933855688,,-0.0007883575963707
2023-03-15,-1.0594616456173878,-3.363048459084006,-3.382512098922097,0.7673362239072112,,-1.0602416508673995
2023-03-16,1.1599698502736455,-1.2820706078722877,-1.778409491923305,1.9362069430284068,,0.0874297159161319
2023-03-17,-1.3721627366332534,-1.606120211182127,-3.402536336974571,0.5374762962188084,,-1.2859326986996655
2023-03-20,0.9425365398666452,0.3237884347703001,-2.5281251164058216,1.4850787465704451,,-0.3555165443963393
2023-03-21,0.6592961719046997,0.3022264607623004,-1.885496776614537,2.154165985801071,,0.3014357205406659
2023-03-22,-0.9376552486153656,0.4257092416291907,-2.805472565741507,1.1963120867559462,,-0.6390459559295514
2023-03-23,0.0071603466324843,-0.7187326971634711,-1.0763089570103634,1.20355809348065,,-0.6319313672026539
2023-03-24,0.6289623317425885,1.2956502431144212,-0.9958832362441884,1.8400903522718617,,-0.0069436457222349
2023-03-27,0.1104949467627403,0.4606980307783281,-0.7272048808555587,1.952618505889725,,0.1035436286628499
2023-03-28,-0.4486608069515396,-0.6450729781296127,-1.1726030045204672,1.4951970649929924,,-0.3455817379685921
2023-03-29,0.5109939345032677,0.807854814264819,-1.1285427774070156,2.01383136580724,,0.163646294814912
2023-03-30,0.1164833982885804,0.9180531468742092,-0.8084288759043767,2.13266054330652,,0.280320313868887
2023-03-31,0.8128731694872604,1.1024923308600163,-0.312975789474923,2.962869538146573,,1.095472131976205
2023-04-03,0.0732436390070701,1.0648718989693773,-1.4397029595547894,3.038283290622412,,1.1695181346370376
2023-04-04,-1.079121841600894,0.4248256251511151,-2.503288652064961,1.9263746704226925,,0.077775767403776
2023-04-05,-0.0159711363942438,-0.1016876773629826,-2.22268137038888,1.91009587010238,,0.0617922093356426
2023-04-06,0.0352962825507452,-0.1826978723803995,-1.2034638587371749,1.9460663454884173,,0.0971103022392005
2023-04-10,0.5345911766437395,-0.5310863613402605,0.3058114153045466,2.4910610211067663,,0.6322206219903093
2023-04-11,0.464829044560533,1.021418228358284,0.7720619601450096,2.967469240811149,,1.0999884116275729
2023-04-12,-0.4143833111530548,0.6188723078644598,1.3674184613012177,2.540789232360563,,0.6810469320721158
2023-04-13,0.3692245087735912,0.9547485715724946,1.0535826966307615,2.9193949576963085,,1.052786033035158
2023-04-14,-1.0228679013436937,-0.0778851464483532,1.0909579628729515,1.8666655024168977,,0.0191495212897185
2023-04-17,0.5068448046932961,-0.1054624820932659,1.8356290370507231,2.382971404230183,,0.5260913843367909
2023-04-18,0.2595287094955933,-0.3095974238298216,2.099921730897303,2.648684608658836,,0.7869854520129227
2023-04-19,0.2311032514180633,0.3365683320270873,1.3803313029445707,2.8859090563273293,,1.019907452398794
2023-04-20,0.3423544080176421,0.3097069737393765,1.0611192455531215,3.2381435012106774,,1.365753558537408
2023-04-21,0.0850633120545785,1.4325547771316227,2.104473132177742,3.325961285376477,,1.4519786258033962
2023-04-24,0.6894202672595773,1.6168118358792505,2.1585026524848727,4.038311403818651,,2.1514091279855485
2023-04-25,-0.9988086741692048,0.3414394619234651,1.1381346665904737,2.999167725058149,,1.1311119928291369
2023-04-26,-0.2140619968116319,-0.1042158322595021,0.8102461281944029,2.778685649926516,,0.9146287150994858
2023-04-27,4.476785332771582,4.011814948085157,5.797978504890811,7.379866774317834,,5.432360012037973
2023-04-28,0.6178036621028449,4.5654569089423,5.910406537112389,8.043263523610733,,6.083724993233797
2023-05-01,-0.3650657407323732,3.4703784892126555,4.5511212597218575,7.648834583316844,,5.696449656790747
2023-05-02,-0.1199100082005966,4.388953067998647,4.42575400164551,7.519752856940132,5.569709035339554,5.569709035339554
2023-05-03,0.250494866023776,4.874939425619429,4.610714460164345,7.789084317808226,5.834155736549329,5.834155736549329
2023-05-04,-0.6237596626610498,-0.2450434081733621,5.092268645325904,7.116739489082047,5.174004963746848,5.174004963746848
2023-05-05,0.469136309989393,-0.392435864745988,5.6021605016217,7.619263008102051,8.962188595374808,5.667414409701843
2023-05-08,-0.6450136383680416,-0.67230685954901,4.883992013803251,6.925104084188627,8.470772806470016,4.985845175448378
2023-05-09,-0.1716606002544307,-0.7237712397651475,4.703947523541552,6.741555808695043,14.202329711832418,4.805625843438022
2023-05-10,0.2258189729904547,-0.7482073246434573,4.382369962727317,6.982598493776271,13.824193607290924,5.04229683135391
2023-05-11,-0.0683959888040375,-0.1935391259878294,3.828352270810864,6.909426687688214,14.09439589688568,4.970452113773627
2023-05-12,0.3401771350200144,-0.3216477106104176,4.615059934224375,7.273108112460691,14.4868301871238,5.327537590391818
2023-05-15,0.4228267794882834,0.7496681564413965,5.7526395012838405,7.726687540749611,13.064300546941654,5.772890625499594
2023-05-16,-1.1565925721906956,-0.24435388104731,4.529512327916385,6.480728674386227,12.874308953735447,4.549529229133675
2023-05-17,0.5568239304210687,0.0850982874200267,4.5814918090059775,7.073638852931929,12.53647501458124,5.131686027024052
2023-05-18,0.1235660471354149,0.2773551757643933,4.4396681016439565,7.205945515986567,15.531361058841496,5.261593095734463
2023-05-19,0.2059158350693257,0.1431779354412299,4.413423100656555,7.426699533939773,15.20079943048569,5.478343384164819
2023-05-22,0.0561815351614258,-0.2224463067684867,4.027150742921393,7.487053502911189,15.70367491302418,5.537602736740888
2023-05-23,-0.8448275704155184,0.092265114193113,3.1483006927274904,6.578973240291308,13.722609806386066,4.645991971665286
2023-05-24,-0.378905229801052,-0.8391411048899289,2.053886211881095,6.175139936815577,13.695653590923772,4.249482835307483
2023-05-25,0.3375605558604277,-0.6272041941129181,3.4314622946743256,6.533545329371893,12.72713063577191,4.601387969047943
2023-05-26,0.8465284151383923,0.0080822815345493,4.530799730377932,7.435382062239371,12.279559834279642,5.486868440835102
2023-05-29,-0.1204494574071346,-0.1684638005489347,-0.6823995981642184,7.305976727482122,10.916960516456433,5.3598100801623305
2023-05-30,-0.0155545263575751,0.6664659352234592,-0.6978479804964355,7.289285791048772,11.30138415093005,5.343421860733133
2023-05-31,-0.2241859927924472,0.8228087142079454,-0.5574387731194674,7.048758240538189,12.42717570971712,5.107256664593107
2023-06-01,0.6616388729068001,1.148454324754744,0.2206865015744519,7.757034438021604,14.182217114897956,5.802687132931972
2023-06-02,0.3395010024660472,0.6399089152293813,0.3096661730366046,8.12287065016639,12.866876901377866,6.16188831638429
2023-06-05,-0.2713857819656051,0.4878235496761363,0.195297327069488,7.829440552168765,14.3250729506887,5.873780045627419
2023-06-06,0.583547017463415,1.0899413084798582,0.7799839962602029,8.458676036458424,14.807545776647668,6.491603331359452
2023-06-07,-0.6222131873158454,0.6866717773423625,0.8031114624931002,7.783831851371414,13.243642121983612,5.828998532047658
2023-06-08,0.2369020909053221,0.2618293702448371,1.2156635568585594,8.03917400268519,15.037744021244892,6.079709642354247
2023-06-09,-0.0466714947618185,-0.1240441953770488,0.9404819341082504,7.988750505249809,16.770946859885782,6.030200656225149
2023-06-12,0.3336008484901454,0.4818362576861412,1.0029482688435063,8.349001893209241,18.246358948580664,6.383918305270142
2023-06-13,0.3524269738798935,0.2509499242463686,1.358909902956862,8.730853001810534,21.696634672504068,6.758843929248259
2023-06-14,0.0753741194878809,0.9546664428481176,1.0082184915523928,8.812807924872313,21.5874806725374,6.839312467835357
2023-06-15,0.7278041483044229,1.4490836926539077,2.9338861776603498,9.604752054836062,20.799825117021165,7.6168934159962065
2023-06-16,-0.5544950577798358,0.9336607856216704,1.796296725574087,8.996999121600169,23.53365397668099,7.020163060668305
2023-06-19,-0.1737468913159401,0.4232787776314861,1.2854538918629643,8.807620223998725,22.46448926612212,6.834218854269158
2023-06-20,-0.3272385021711788,-0.2568665624983923,0.9540088896299536,8.451559797329612,21.65651008909739,6.484616156684164
2023-06-21,-0.2293382125308496,-0.5605672786836546,0.6659271069310746,8.202838928628587,20.078312145384693,6.240406241370078
2023-06-22,-0.5625385941429473,-1.8344057328220864,0.9525171134052712,7.594156199696722,19.52941733052245,5.64276295368813
2023-06-23,-0.2838902777483998,-1.567283764274996,1.0488019273319882,7.288706850820348,18.238428491455227,5.342853420517812
2023-06-26,0.3782610983031453,-1.0229815981617207,0.2412205592753569,7.694538291709518,16.165193004762024,5.741324454850161
2023-06-27,0.5950138442690545,-0.1071668249677304,0.8376696992673294,8.335335704066837,17.9920004856031,6.370499974469968
2023-06-28,0.4518813571742219,0.5748869132050638,1.4154907379679171,8.82488288934562,20.02109230965765,6.851168433387622
2023-06-29,0.2897126767911651,1.4368867469094493,1.725127132577886,9.140162370579198,20.552519664436275,7.160729813638622
2023-06-30,0.834689012592027,2.574769092176888,2.8046893051547617,10.05114331421153,21.88260188611213,8.055188651206514
2023-07-03,0.0992203717012474,2.289622310539841,1.884398559945044,10.160336467669362,20.74721275264446,8.162401411028707
2023-07-04,-0.0232878487658183,1.660904800222518,1.8606718752924407,10.134682495112868,20.61228378669093,8.137212714566644
2023-07-05,-0.659042708827906,0.5366098224853788,1.464727387976339,9.40884790023806,20.063779224082225,7.424542298641557
2023-07-06,-0.5493705398468274,-0.304539082104649,0.321884701333186,8.807787921888321,18.189572857457392,6.834383510687525
2023-07-07,0.355838823525656,-0.7779792322858303,1.3092282940063926,9.19496827433386,17.539188217516898,7.214541724092838
2023-07-10,-0.0210855967948897,-0.8972309233607145,1.0956635323749797,9.171943863603229,18.53308365814808,7.191934898119423
2023-07-11,0.4945141564500543,-0.3839552669988144,1.5955959000996778,9.711814580880462,19.82177766290831,7.722014190763349
2023-07-12,0.6822593389191445,0.9610610126128848,1.948639813616282,10.46033368175616,20.54026902278252,8.456957692651645
2023-07-13,0.5041046075200839,2.03053607984911,2.102730042483292,11.017169313327967,21.05719416656029,9.003694213556424
2023-07-14,-0.3920013837897196,1.2702162205469714,1.6258863108511434,10.581980473375552,21.451141431902563,8.576398223857362
2023-07-17,0.5722827479787806,1.8712483574965244,2.0347559715139685,11.214822069997933,19.62826907192179,9.197762219269222
2023-07-18,0.3922708887502457,1.7676043983793743,2.435008615597556,11.651085440953924,21.40178084373727,9.626113251622126
2023-07-19,-0.1582435918595415,0.918040926951602,2.450917062162783,11.474404753001988,19.252594179910982,9.452636952396754
2023-07-20,-0.4555175984399362,-0.0455335801162415,2.319062472652633,10.966619221595897,19.120518771096663,8.954060929122033
2023-07-21,0.095341251788561,0.4435041857219657,2.652035090034399,11.072416185429224,18.13562395151591,9.057939094686308
2023-07-24,0.0851353989996583,-0.0430193916424181,3.614799164929283,11.166978130127236,18.614916988407405,9.150786006275368
2023-07-25,-0.0703409263008159,-0.5036253707371485,3.541915555411923,11.088782247969874,17.93998129857073,9.07400833233394
2023-07-26,0.0007455271362255,-0.345186241512363,3.1525017026222457,11.08961044498682,19.13665342517829,9.07482150866461
2023-07-27,-0.7266283765098192,-0.6165975085626552,1.79725857257802,10.282401812139351,16.544284460098524,8.282252903955234
2023-07-28,0.6995842018345799,-0.0166523007634422,2.048278963499261,11.053920072620782,16.357603781531104,9.03977843866186
2023-07-31,0.3773660608729301,0.275281159265095,1.2919961748808717,11.472999876243817,16.302495884179358,9.451257555340398
2023-08-01,-0.354636159081334,-0.0099973522755147,0.93277813018946,11.077676311069972,15.808505391594776,9.063103819479924
2023-08-02,-0.569411558611721,-0.5800931871919213,0.2585782910454748,10.445187183117422,15.728621694038992,8.442085900151097
2023-08-03,0.0860921808930381,0.233827008732268,0.368266697786046,10.540271853454763,14.33191763459818,8.535446056908459
2023-08-04,0.3452155138040647,-0.1189026480473254,1.382910203053811,10.921874020894084,15.019064987727738,8.91012725467335
2023-08-07,0.3242094719815069,-0.1717964291686802,1.9108251979095936,11.281493242969209,15.619562068694105,9.263224203180108
2023-08-08,-0.3081072879103641,-0.1251821819610366,1.596830518305259,10.938626852192158,14.295505731751824,8.926576246404272
2023-08-09,0.1057008997940256,0.5529464990304156,1.725668746674125,11.055889978994047,15.836137566450104,9.041712617611552
2023-08-10,-0.1111012825398494,0.354833221286599,1.1126339352549808,10.93250546089135,13.72510841878376,8.920565876389963
2023-08-11,0.0419990152105143,0.0515876605442278,0.4696367661460199,10.97909602073328,14.607263711521966,8.966311441419773
2023-08-14,-0.0107476655492377,-0.2824592617745702,0.3483278954120372,10.967168358663404,13.410158763249758,8.954600106704703
2023-08-15,-0.9434630629512664,-0.9179784966624194,-0.5984215125704129,9.920234113196468,11.984859660648528,7.926653699311692
2023-08-16,-0.3134251426944012,-1.3328185625245736,-1.4738193856832615,9.575716462577155,10.442563649321034,7.588384430949313
2023-08-17,-0.2952470224778625,-1.5147120598670072,-2.148557722584743,9.252197422362606,11.57927556773255,7.270732929384915
2023-08-18,0.1351237188263576,-1.4230364302291854,-1.8610385973170216,9.39982305441922,10.861822560148047,7.415681132931384
2023-08-21,-0.0068911117516057,-1.4192343479619507,-1.512645580940486,9.392284190356492,11.80300075057319,7.408278998305762
2023-08-22,-0.1305682852803857,-0.6102439263781068,-1.641238830823477,9.2494525606601,12.920019911329671,7.268037850168496
2023-08-23,1.0588893574772662,0.7579844797397151,-0.6842812101177209,10.406283386927084,13.96636836004468,8.403887686938628
2023-08-24,-0.8233197894832678,0.2243334142373765,-1.4326339786926656,9.497286606969537,13.556894869676682,7.511377027042832
2023-08-25,0.8396111730659905,0.9294484915215228,-0.6057923713706392,10.416638059525752,13.07347740824465,8.41405456087898
2023-08-28,0.5822761510084762,1.5241327408740624,0.0050855810107552,11.059567809691709,16.427286905249836,9.045323744928302
2023-08-29,1.1232812477407703,2.7987568600054136,1.128423954129354,12.30707910871991,17.38050756118481,10.270209418093293
2023-08-30,0.1730775301716614,1.8976945661502096,0.9226068665481256,12.501457427449214,18.88061049969448,10.461062373069227
2023-08-31,-0.1444272839411176,2.595213186718514,1.1355101753212749,12.338974628092592,18.71204647259781,10.301526460871324
2023-09-01,0.3831091108357887,2.130763494282628,2.104363577148405,12.769355474912311,18.718759631956218,10.724101658133868
2023-09-05,-0.2406807744839145,0.1699467296002677,1.420880515942069,12.497941316774774,18.92171032329393,10.457610032722698
2023-09-06,-0.1716225470630328,-0.1747425744084707,0.9196284231105744,12.304869484493452,19.36264462413981,10.268039868959589
2023-09-07,-0.2666282579256385,-0.296906449231471,0.9616182798534822,12.005432967421273,16.952040800169634,9.97403411520823
2023-09-08,0.1705514508524741,-0.508024200474344,1.027023311958053,12.196459858380804,16.785080207016122,10.161596425952713
2023-09-11,0.1216230131593443,-0.3870190616551916,1.2198878899972954,12.332916573518691,16.16375132659764,10.295578278870398
2023-09-12,-0.3264820864603446,-0.4726945105330227,0.8894230881012266,11.96616972370772,15.611532541769543,9.935482973632048
2023-09-13,-0.0472711297474059,-0.3487181241086823,0.8525708150208366,11.913242050344408,19.210798646313275,9.883515228837148
2023-09-14,0.7511589398289775,0.6682313398622686,2.577918690332681,12.753888372858002,18.53744499473693,10.70891507687688
2023-09-15,-0.6606110808223375,-0.1670606776796201,2.220662851392574,12.009023692208864,18.57319749534792,9.977559716420847
2023-09-18,0.1355338244007908,-0.1531899758991595,2.523779905841584,12.160833805692906,18.882429262863475,10.126616509087173
2023-09-19,-0.7432369456327637,-0.5706694039505078,1.7617852955221336,11.32721305031923,17.13779319649631,9.308114808216317
2023-09-20,-0.5086725270329717,-1.029654692163473,1.2511283791118988,10.760922102420787,18.013878517232328,8.752094458369264
2023-09-21,-1.0814679443691857,-2.829889225027138,0.2870729939458138,9.56307823499538,17.020554071484927,7.575975417971903
2023-09-22,0.1325680118614558,-2.054030815396868,-0.6321737640015646,9.708323829545716,17.68019189725476,7.718586749824064
2023-09-25,0.0843989036130032,-2.1040476194668423,-0.5576348078663251,9.800916452030052,19.246145546954608,7.80950005602834
2023-09-26,-0.9291629933508516,-2.287424620223355,-1.4816164649444352,8.780686969997697,18.75519042057285,6.807774078191153
2023-09-27,0.2458510353044118,-1.5463907800553067,-1.8111383235470124,9.048125415124698,18.406375855923017,7.0703620965479885
2023-09-28,0.3877288543374213,-0.084099291482631,-2.525346281600982,9.47093646247319,16.47566473136035,7.485504784839847
2023-09-29,-0.1185014734071954,-0.334625511464004,-2.809070842193062,9.341211789812508,18.61291034511985,7.358132877970669
2023-10-02,-0.3781172721404102,-0.7952052658357522,-3.406582999669039,8.927773782467586,18.66513448131619,6.952193234511594
2023-10-03,-0.669537737242698,-0.5352289598085314,-4.053312378178453,8.198461230655617,14.562812624993192,6.236107939997826
2023-10-04,0.5913789809343317,-0.1923932449621856,-3.4859038346802818,8.838324188068093,13.82365179833458,6.86436595251767
2023-10-05,0.290651404287523,-0.2889097024011411,-2.9718561708049096,9.154664305723712,15.552321173853034,7.1749687328416245
2023-10-06,0.48294845545227,0.3115140902997915,-2.3356461972588893,9.681825071042317,16.321650032170144,7.692568588968318
2023-10-09,0.1444207399251995,0.8376693658753931,-2.1000943229238844,9.840228374373371,17.287277055824735,7.848098993368957
2023-10-10,0.4415885036470834,1.965655463495719,-1.667779594372587,10.32527019525431,18.56366401115181,8.324343799925593
2023-10-11,0.3591975449395823,1.7303019715016577,-1.4344510633448215,10.721555857243615,19.007238817056216,8.713442183426846
2023-10-12,-0.6558698533213447,0.7701936063576831,-1.7601773618972194,9.995366551247598,18.40867273446043,8.000423489637809
2023-10-13,0.1536955362139602,0.439999469669794,-1.5626546944986663,10.164424519679049,16.679774010665827,8.166415319633558
2023-10-16,0.2280629039005166,0.5238885055566911,-1.4225237703020532,10.415668705303926,19.27198546886646,8.413102787456616
2023-10-17,-0.1172094101595022,-0.0353672770476487,-1.5380658487409993,10.28625115129078,16.680264014556066,8.28603242914383
2023-10-18,-0.9637505238950904,-1.3531141407905345,-2.618977479024276,9.22336682803595,15.415002444961146,7.24242522430274
2023-10-19,-0.5643960573770257,-1.2622823513903425,-2.4435163010553373,8.606914451924075,15.537824269793088,6.637153204501267
2023-10-20,-0.6001395782695762,-2.005459707842161,-2.533204559515634,7.955121373560692,15.467250788542298,5.997181442981092
2023-10-23,0.0547352948947033,-2.1749248144436018,-1.5441972339121923,8.014210927598441,13.705304320152557,6.055199312823967
2023-10-24,0.3369169349080048,-1.7301540627692846,-1.2124829609936103,8.378129096320786,14.40859194993076,6.412517239659321
2023-10-25,-0.6731993976154871,-1.4418514001843683,-1.960264392577249,7.648528184097403,11.41030804052292,5.696148814614466
2023-10-26,-0.0226942228650273,-0.9049297364568164,-1.0632298940310148,7.624098187200379,11.562835884692046,5.672161895042716
2023-10-27,-0.4637909189313394,-0.7689991635150051,-1.7636048438037233,7.1249473932264,11.214785597764498,5.182064004335096
2023-10-30,0.6703224637985672,-0.1584800242419692,-1.3701895061825953,7.843029979935601,10.436384396308052,5.887123007243145
2023-10-31,-0.0214705168073869,-0.5150979970935388,-1.3913658362217585,7.819875524058162,10.30831624041153,5.864388494701012
2023-11-01,1.5092478910610163,1.67082315735545,0.476803042095808,9.447144721549638,11.585214535592424,7.46214454544194
2023-11-02,1.4552880846908869,3.173841033794212,2.626150792481008,11.03991597771672,15.10207413610567,9.026028330565053
2023-11-03,0.399407345817182,4.068585583240303,2.430295937194193,11.483417558920973,15.32959191156258,9.461486296570044
2023-11-06,-0.5266784695938886,2.8311782616856407,1.1072329710430706,10.896258401470682,13.101497791501403,8.884976215748551
2023-11-07,0.1254354579864447,2.9822758479356004,1.2340572917777015,11.03536163108638,14.453061089339968,9.021556584343204
2023-11-08,0.4028891271797619,1.8598624149144485,1.4953379835038527,11.482711030422754,14.669110533413754,9.46079258210366
2023-11-09,-0.414813755331711,-0.0176968500848029,0.6299510653973828,11.02026541025185,16.143004057978104,9.006734157777974
2023-11-10,0.8082078765761169,0.3894053398056485,1.0801727571383202,11.91753993989324,11.643495131036552,9.88773516923953
2023-11-13,0.1042013256808083,1.0260951226954915,1.6972221192576686,12.034159500179964,12.426651479871298,10.002239646046496
2023-11-14,1.5732270618594058,2.48691006568853,3.297150338797094,13.79671121596353,15.74225899204269,11.732824648809537
2023-11-15,-0.6829336643399575,1.3785493028742657,2.358258109004208,13.019555166157982,13.466642420531816,10.96976357516488
2023-11-16,0.1912860416626527,1.9955639460069283,2.6743992269745,13.235745799540055,14.677321627352802,11.182033243350208
2023-11-17,0.6109652168668989,1.7959980898627048,4.3069629952037,13.92757681943506,15.409209113338918,11.861316793872456
2023-11-20,0.2493314721628392,1.9435809876673813,5.795475629829627,14.211634123918415,15.279012702824456,12.14022226181537
2023-11-21,0.0209314867971821,0.385625468770856,5.8176201958431095,14.23554031703591,15.003803617117129,12.163694877632423
2023-11-22,0.2381660697307275,1.31663537809803,6.011616092255401,14.507610613644651,13.607928558943104,12.430830741387243
2023-11-23,-0.0870055986919471,1.0352179637846293,5.5637180079041615,14.407982581482417,13.631326263296328,12.33300962398638
2023-11-24,0.0698916267914517,0.4918627938000908,6.35346912118846,14.487944181687883,13.860275459514382,12.411520991836378
2023-11-27,-0.2536733142576075,-0.0123589026370884,6.6021702676491545,14.197518819256793,13.375685016207315,12.126362960929017
2023-11-28,-0.0612475628574249,-0.0945106002912199,6.536879036407095,14.127575622136357,14.118109080146349,12.057688296294767
2023-11-29,0.074234267172657,-0.2578983357706121,5.906053838426795,14.212297391541371,13.531997925910332,12.14087350001214
2023-11-30,0.1938747038606747,0.0225015447509857,6.134166440720623,14.433726144881676,10.919497044288718,12.358286286417064
2023-12-01,0.7350312861855057,0.6873262140664638,5.3246753282338855,15.27484983399441,12.59760245513737,13.184154843244112
2023-12-04,-0.6493856635367612,0.2878807435146235,2.7294228982348567,14.526271485508936,11.552778219344573,12.449153168296846
2023-12-05,0.3840835685045007,0.7347676047598561,3.12398973160648,14.966148075905616,13.553650288431095,12.88105188853872
2023-12-06,0.0467385930488006,0.7070904472648909,3.7184511848898927,15.019881635998722,13.293273699838329,12.933810904010134
2023-12-07,0.1270263562789697,0.6398996872901908,3.7200991727976302,15.165987200637288,12.771836773004352,13.077266609008454
2023-12-08,0.1969142173007254,0.1022908024651325,3.5073190599395287,15.392765402930086,12.611972293479743,13.299931823496646
2023-12-11,0.1691580998217423,0.9270275832238716,3.279576797609618,15.587961612217448,14.033877263602257,13.491587835268604
2023-12-12,0.1733612315341082,0.7151655194406192,3.458623543869166,15.788346325973569,12.716740547507577,13.688338249627453
2023-12-13,1.3347449355948449,2.011777221170074,4.730401814975038,17.333825414568516,13.72624300169598,15.205787586776289
2023-12-14,0.484238289728478,2.3757131683551203,3.607564282129805,17.90200072402901,15.217748402227604,15.763658122254707
2023-12-15,-0.559489891003695,1.6028609239916225,3.736340827320328,17.24235094868698,16.358419181565043,15.115972157604606
2023-12-18,0.0261116892960711,1.457767116376374,2.9364164331847187,17.272964907090092,16.390629800499678,15.146030882584547
2023-12-19,0.7728556493209249,2.0649481501324285,3.731966342797088,18.179315641500683,17.514298704647114,16.03594348722943
2023-12-20,-1.0816643889479003,-0.3688734633299773,2.3547320426813068,16.901012069104237,16.71224704864034,14.780824008148352
2023-12-21,0.5796225293308588,-0.2742990364628883,2.926459091241407,17.578596672072532,16.502525192687976,15.446119523451184
2023-12-22,-0.3681664604534229,-0.0824268990265331,2.30386529477995,17.14571171445416,16.845420017360556,15.021085631470864
2023-12-26,0.1373852352499316,-0.7384228032506601,2.462013327724,17.306652626078268,16.47670248292572,15.179107620552678
2023-12-27,-0.5000234065066445,-0.1547635562289762,2.2089561247772505,16.720091905558434,16.705606885652415,14.603185123044415
2023-12-28,0.0823056624045692,-0.6484492444134737,2.355770297903947,16.81615915036052,18.18834323338121,14.69751003369668
2023-12-29,-0.0408376678402544,-0.3220412882639634,2.2380749027388847,16.768454155302948,16.054099129330336,14.650670245528088
2024-01-02,-0.5044294819912087,-0.960911383937535,0.7847243472331566,0.0,16.311853045819834,14.072338463509126
2024-01-03,0.0026203173762118,-0.4605959264241677,1.4461419287744135,0.0026203173762118,16.182483916922873,14.075327520815328
2024-01-04,0.1888658327423353,-0.3546137971836671,1.2488587995657108,0.1914910990027829,14.13404012114967,14.29077683809108
2024-01-05,0.1605818009482007,-0.1538265928101578,1.3640699003371282,0.352380399806429,16.564731903219855,14.47430702585537
2024-01-08,0.596485962519977,0.441741815677088,1.639187548103016,0.950968261945917,14.595688796289984,15.157130197956617
2024-01-09,-0.1968892390141752,0.7522066687575268,1.4390709251993703,0.7522066687575268,15.231946879516656,14.930398200639306
2024-01-10,0.5148474079435417,1.268273243077167,1.7891427727605214,1.270926793237548,15.608261161960725,15.52211437671447
2024-01-11,0.0298803061153707,1.1075748499140614,1.643347521178029,1.301186856169223,14.319323844463106,15.55663273812118
2024-01-12,0.1973650334378573,1.14470585859332,0.5025038674833171,1.501119977480858,14.13792620861296,15.78470112496444
2024-01-15,0.2072824103407811,0.7533812668083506,0.7894041718323752,1.7115139454930706,14.694665749608228,16.02470244426213
2024-01-16,-0.3347872724532408,0.6141702438944296,0.4519740746836254,1.3709967421840608,14.150964403106611,15.636266507576993
2024-01-17,-0.4078072785605346,-0.3093961554802349,0.0162076915511732,0.9575984391200664,13.961303583509,15.164693396103443
2024-01-18,0.4931854630437327,0.1523375856491648,-0.2613626050887441,1.455506638459858,15.322153406928283,15.7326689224919
2024-01-19,0.5656024606631505,0.5204095315614277,1.3995645626714293,2.0293414804852583,16.057893655308895,16.38725574570865
2024-01-22,-0.0008219814754406,0.3116548563770083,1.1869244887237065,2.0285028181987963,15.076965466294222,16.386299064026666
2024-01-23,0.2755668551167156,0.9259678238547896,1.4657621143266295,2.309659554737564,15.308175811854085,16.707021128144127
2024-01-24,-0.125006090574653,1.212556388874586,1.3389237318357283,2.181766249047956,15.037462653762669,16.561130243605703
2024-01-25,1.126772524849029,1.8506789234997043,2.340182580829886,3.333122316547698,16.31756242646385,17.874509033844156
2024-01-26,-0.2667028675411464,1.0077379906652029,2.5801632057012025,3.0575299162096448,15.340683210990203,17.560134338150846
2024-01-29,0.3875236097077073,1.4000003122293991,2.935035060484914,3.4569021762165475,16.24828962347098,18.01570761431528
2024-01-30,-0.0172402132891713,1.103909871068609,2.9172888408911968,3.4390659856190053,17.17140889417683,17.99536145460785
2024-01-31,-0.4667991121938719,0.7579112431869595,2.436871850287914,2.956213343936498,14.708455296570811,17.444560154907784
2024-02-01,1.0083086384679918,0.6398794554467457,3.99432973692293,3.99432973692293,15.674423778463796,18.62876380036045
2024-02-02,-0.3197185613059372,0.5863818454895808,3.6591243640005535,3.661840562048302,14.665614195336984,18.249485623442908
2024-02-05,-0.3092304723375849,-0.1117524408136505,2.9784108270577425,3.341286562844448,15.15685383207963,17.883822180512787
2024-02-06,0.8557713187558269,0.7604338463119031,3.859670531426264,4.225651653682538,16.266092685035293,18.89263812018673
2024-02-07,0.0356966078033815,1.2691252809409193,3.280690092287486,4.262856675783855,15.315012595602218,18.935078758923577
2024-02-08,-0.2954113006384928,-0.0379610332868263,3.178735088718088,3.954852414795096,16.15257109961723,18.583731095846435
2024-02-09,0.0240102118651774,0.3067393279259756,2.6748895143392293,3.979812195104015,16.52663223294013,18.6122033009202
2024-02-12,-0.0855543310434359,0.5317975204243597,2.354390754909508,3.8908529623602695,16.117656746666633,18.5107254238502
2024-02-13,-1.2003120897036257,-1.5176812372271864,1.1258186283358285,2.643838494156836,14.339983548246927,17.08822685899225
2024-02-14,1.5154609683220688,-0.0608950060307367,2.4459884244408148,4.199365802923327,16.64680455819745,18.862653235540684
2024-02-15,0.5630640938533382,0.7995996181791476,3.3688908912319127,4.786075017782498,16.96895092237365,19.531926156911418
2024-02-16,-0.6165815273642683,0.1540407099103413,3.152199582849402,4.139983435972794,16.856386530270484,18.7949143809252
2024-02-20,-0.1351640414683386,1.3204739332664197,1.9307016163264912,3.9992236255762537,16.047690405014194,18.634346373589096
2024-02-21,0.0656384245707464,-0.1265638465044571,1.9984457313505064,4.067487077529908,18.18133077404995,18.71221608954852
2024-02-22,0.6500249118389645,-0.0401993767938146,2.379337517606217,4.743951668658641,18.3021696692578,19.48387506752669
2024-02-23,0.4191661175311667,1.0015551700998326,2.9371547247030394,5.183002824216887,18.206736666966084,19.98471098772305
2024-02-26,-0.0413904170157741,0.9597502052225204,2.0201699247025307,5.139467140718246,18.939720783826285,19.935048815490063
2024-02-27,0.793464477255923,1.898560171553188,2.829663732691179,5.973711464055986,19.32715833216568,20.886690823620512
2024-02-28,0.7117406716727004,2.5564971990865715,3.1617680645788404,6.7279694698267445,20.425275423075973,21.747090568851448
2024-02-29,0.3078353035600667,2.2078259728871785,3.4971795409595163,7.056515838627675,20.42048633550384,22.121871094679623
2024-03-01,0.6323038422104466,2.4247600932798985,4.640055031663426,7.733438301611972,21.11350916534289,22.894052377790565
2024-03-04,-0.2010581648729359,2.261153067960797,3.718813832224477,7.516831427608239,19.48382685988525,22.646963851341795
2024-03-05,-0.2919065292042888,1.1599775978766491,3.4160518426349595,7.202982776677458,19.49701581444714,22.28894935598891
2024-03-06,0.5867620233995341,1.0344427081487195,4.345526124243859,7.832009167562548,21.40825584059252,23.00649446962413
2024-03-07,0.2484821759311195,0.974659639808828,3.717223903270184,8.099952490292338,20.442073564704778,23.31214368361885
2024-03-08,-0.6619891099243547,-0.3240365573977333,2.9938618609846257,7.384342576973202,20.81971534577576,22.49583072121901
2024-03-11,0.0078578758754055,-0.1153779558405454,3.28233763666983,7.392780705322521,22.10809937588533,22.50545629154963
2024-03-12,0.2272562823983692,0.4047040095367382,3.517053237557044,7.636837546317654,23.620910356698644,22.783857637252947
2024-03-13,0.2230999051055393,0.04170010512341,3.836836596024495,7.876975228742111,23.058758450196848,23.0577883071266
2024-03-14,-0.6280304510715817,-0.8330045434224775,4.43829512544307,7.1994749746106645,23.5953573816412,22.28494792414264
2024-03-15,0.4511648226865228,0.2782330381297271,3.3433557546467263,7.683121295800754,22.72935266823335,22.836654592616902
2024-03-18,-0.0206079379519885,0.2496902658593258,3.3809747926177858,7.660930024979362,24.4111845945977,22.81134049105617
2024-03-19,0.3834016681407259,0.4058706018051472,3.777339174512817,8.07370382663093,23.722053588739733,23.282201219164843
2024-03-20,0.8085985824115349,0.9924370170006024,4.616481267942318,8.94758626373271,23.90556372179397,24.27905935058874
2024-03-21,-0.2145944564795776,1.4126149488049575,4.533271493006352,8.713790783142429,24.809956357356544,24.01236337865742
2024-03-22,0.2923612802678166,1.252291447049214,4.770116849728034,9.031627813703702,25.16589003207268,24.37492751192163
2024-03-25,0.460612665310256,1.7396387670008506,4.136446345482114,9.533841300607548,24.95649071653428,24.947814180512
2024-03-26,-0.0958290598099709,1.253933358163084,4.036653368029719,9.428876050315438,24.69896003680274,24.82807786492969
2024-03-27,0.5433070945733087,0.9874699115147269,4.645204973460371,10.023410897408612,25.9415085219634,25.50627766798934
2024-03-28,0.0274136166791949,1.2323933336659376,3.849880100554204,10.053572293529411,25.33557645091076,25.540683477857584
2024-04-01,-0.6331410923104519,-0.1616517732981881,1.5068112814025314,9.35677790378351,23.39408599857078,24.745833823191862
2024-04-02,-0.1887057027570193,-0.2544672236783896,1.315262139827733,9.150415427527726,23.071092574659136,24.51043132081569
2024-04-03,0.3472769628406258,-0.4489419281109352,1.871928535114309,9.52946967515238,24.84572764238171,24.94282736512641
2024-04-04,-0.845180585328853,-1.3173806184302528,1.3066474917819315,8.603747862244337,23.81032970736348,23.8868348454754
2024-04-05,0.8797413480639449,-0.4492288123780108,1.6017236287317882,9.559179937735628,24.85547103113825,24.976718556418763
2024-04-08,0.3060834946311042,0.4917341301586608,2.33756604283879,9.894522504378212,25.23763302010849,25.359251664051506
2024-04-09,0.0353568901439782,0.7173242166599536,2.37374942364057,9.93337778997432,24.615728463358867,25.40357479694768
2024-04-10,-0.6137394894751291,-0.2472361434709302,1.7374468942756185,9.25867323836338,23.27788113066798,24.633923537205327
2024-04-11,0.6015130617908149,1.2081816628018105,2.117342849034487,9.915878429031476,24.535467883342843,25.38361286670401
2024-04-12,-0.6625961378234346,-0.3391773051247604,1.2149069179821836,9.187580063706012,23.2552122310296,24.552825890385744
2024-04-15,-0.4934043345266814,-1.1335220947173985,0.8968188361232032,8.648843810906914,23.914547805953944,23.938276848667098
2024-04-16,-0.0235646931008193,-1.191755199382705,0.8730428104159804,8.623241044305274,23.26060773651033,23.909071174093267
2024-04-17,-0.0254416767733189,-0.6068788392649682,0.8681658659477121,8.59560547041809,22.91026075751952,23.87754662871233
2024-04-18,-0.3012256732162877,-1.4987741769617258,0.180232372194844,8.268487626756515,22.257482479987644,23.504395654916177
2024-04-19,-0.0937850300229303,-0.9347510678230476,-0.7165264485186618,8.16694799313038,21.72608863319532,23.38856702037157
2024-04-22,0.3494127187568141,-0.0956722044629931,-0.4464124369727651,8.544897066909463,22.04759734034416,23.819702367032548
2024-04-23,0.4981788981845758,0.4256950818279259,0.0495425286519468,9.085644839152971,21.815789971250865,24.43654599602005
2024-04-24,-0.3454596315724756,0.1042330410008451,-0.7532314382639904,8.708797972393189,22.619701809937155,24.00666796268069
2024-04-25,-0.1263562046963429,0.2798136752331093,-0.7835577044736586,8.571437661104264,22.727477096629745,23.849977843472647
2024-04-26,0.2227230335059227,0.5975053188102653,-1.0999110343461016,8.813251260584076,17.73028722580974,24.125820271122063
2024-04-29,0.0827615241753232,0.3301948858099202,-1.045186906454476,8.903306765832042,17.104248271633615,24.22854869187354
2024-04-30,-0.9933126761774712,-1.1588036409981295,-2.0281176086003883,7.821556414950592,16.36584877700644,22.99457077028586
2024-05-01,0.6021203585679258,-0.218957453106805,-0.8101975604230316,8.470771957049816,17.207054231253526,23.73514612082699
2024-05-02,0.5565908666786523,0.4633564006443436,-0.0695417057753222,9.074510366778576,17.564923891614526,24.423844643007
2024-05-03,0.4383662973960867,0.6795174210184607,0.0211692653974582,9.552656259276326,18.821449166001525,24.9692768438464
2024-05-06,0.9090023701123328,1.510684830626574,0.9029937646674702,10.548492501194184,19.34166387693015,26.10525053226922
2024-05-07,0.1907675244824158,2.724711835390803,1.0954839080009604,10.759383123691336,20.34557438272521,26.34581839695196
2024-05-08,0.287396552112984,2.403347710950965,1.076649900821991,11.077701771930414,20.898979327737187,26.70893192276373
2024-05-09,0.578713721057178,2.425876859261966,1.625662668675143,11.720523673119557,21.324664199046484,27.44221389760577
2024-05-10,-0.2845269373304759,1.6886787528804348,1.962293140519921,11.402648688742856,21.062264580702973,27.07960646953676
2024-05-13,-0.2018012336178376,0.5692924923467846,1.822786716711544,11.177836769406024,20.408357735663607,26.823158256004543
2024-05-14,0.6741254282658371,1.054476542785432,2.5092000137378,11.927314837664492,20.70966828995562,27.6781054147381
2024-05-15,0.7563296088192839,1.5269963828476785,3.796644588699371,12.77385426013813,23.045769482165703,28.643772729969275
2024-05-16,-0.523507851893612,0.4143827739639283,3.277598053298592,12.183474278203256,21.72382781520408,27.97031247875569
2024-05-17,0.2838995066376082,0.9867933414551056,3.5971594991051736,12.501962608207997,21.918750980528333,28.33361956452549
2024-05-20,0.0764009798738474,1.2683089378115795,4.08717015586717,12.587915210017965,21.761172565648646,28.43166770738037
2024-05-21,0.4726981386731443,1.0656928147093847,4.579188271791512,13.12011618958664,22.268043298256263,29.03876181010003
2024-05-22,-0.1308477259245988,0.1757914821230333,4.078684620568396,12.972101089989296,23.148450405634268,28.869917524710264
2024-05-23,-0.1981274715395997,0.5034592198050802,3.357570548170763,12.748272322554532,23.37192215977486,28.614590815543384
2024-05-24,1.0049073541942732,1.2260456285962062,4.758115375143079,13.881288002850866,24.19247088351806,29.90704829721565
2024-05-27,-0.2698345991734907,0.8758326095455127,4.375152447057884,13.57399688583476,22.81767015086782,29.556514134144727
2024-05-28,-0.5375478511878695,-0.1384668693739099,3.8140860579046754,12.963482306066789,22.304781850214383,28.860085876342744
2024-05-29,-0.8665383704470342,-0.8741013871301995,2.829393994513918,11.984610387291571,21.26382600036818,27.743463788033228
2024-05-30,0.74824552165067,0.0658616716409099,4.638194782920402,12.82253021945241,22.44568321835274,28.699298535028618
2024-05-31,0.1644974375441199,-0.7667349285627623,4.183014789811446,13.008120390635836,21.840956100945142,28.91100558325599
2024-06-03,-0.5929119831312835,-1.0882025963643516,2.5425448718101373,12.33808170292834,20.70873909257749,28.146676783577828
2024-06-04,-0.2623121890044544,-0.8144907235119847,2.273563277696012,12.043405221727776,20.719721516969592,27.810532430570344
2024-06-05,1.2446247148524936,1.2977807773425054,2.613724138530737,13.437925134479723,21.51314268669664,29.4012939053858
2024-06-06,-0.1421684994443617,0.4025099580549085,2.2727365789070086,13.27665213851521,22.10011227541635,29.21732602757892
2024-06-07,-0.7311093734860608,-0.495225008558664,1.2340677948518008,12.44847591675935,20.92096262074241,28.272606044823245
2024-06-10,1.101598256441405,1.2009504199053556,2.050721149811663,13.687206366853278,22.31010979312995,29.68565483650496
2024-06-11,-0.0688450132687923,1.3972559738962165,1.980464317295172,13.608938394545111,21.81951444798871,29.596372730225063
2024-06-12,0.3398347405388024,0.4911019841264963,2.53394412773491,13.99502103556709,21.80422852220012,30.03678622724051
2024-06-13,-0.2701750428588001,0.3622836589576517,1.5721989788775923,13.687034938627352,21.38365203666159,29.68545928431887
2024-06-14,-0.1922032370074156,0.9071255544746748,0.6159854354866878,13.468524777417556,20.274982416847067,29.43619963364647
2024-06-17,0.0309339835808497,-0.1614792556510202,0.8903511377147844,13.503625112241656,20.98303320000594,29.47623940638884
2024-06-18,0.3309995987450298,0.2379947081629474,1.2242977951530731,13.879321655924226,21.5947536589332,29.90480523929413
2024-06-19,-0.0784351794739679,-0.1798506883063488,1.0676856333464937,13.79000020559966,21.898278697050543,29.80291417215937
2024-06-20,0.0771793533208775,0.1678183034484304,0.6698246322923262,13.877822591902175,22.2727772019049,29.903095221909105
2024-06-21,-0.2023291828082807,0.1576558318577614,0.5977700932771945,13.647414524052117,22.71570690340228,29.64026335090395
2024-06-24,0.4171804981776938,0.5443916538145466,0.2109577222842551,14.121529374129649,23.57848019145696,30.18109724739016
2024-06-25,0.0535696613211511,0.2663716560431961,0.264640392942761,14.182663890909875,23.178743496734565,30.25083482028972
2024-06-26,-0.4575017163023887,-0.1140029541050191,0.0759675281492011,13.660276243889168,21.889936633377904,29.654935015488704
2024-06-27,0.1130250518921904,-0.0782257333166502,0.7305533674961229,13.788740830094625,21.478762914970503,29.801477573070745
2024-06-28,-0.1988890120715347,-0.0747812845536488,1.408958905032298,13.562427527609032,20.88693024203732,29.543316696671408
2024-07-01,-0.1050677460512794,-0.594470940939551,0.3849189354757643,13.443110044644646,19.760291078084418,29.407208453658164
2024-07-02,0.5440426424426548,-0.1071747220980467,0.9310557010662412,14.06028893820066,20.292483481024103,30.1112388500407
2024-07-03,0.3296140734476704,0.6827112202347552,1.8677246112998256,14.436247702756043,20.71709685082637,30.54010380442753
2024-07-04,-0.1928958841944439,0.3750494624538136,1.9386233976775635,14.215504890910855,21.28354892568456,30.28829731696565
2024-07-05,-0.0106501762405564,0.5643708264171154,0.6747440090770551,14.203340738345949,21.94053740259394,30.27442138368057
2024-07-08,0.102161629758446,0.7729889347119157,1.6643505396275016,14.320012732482825,21.63229890150231,30.40751185572452
2024-07-09,-0.2297507553753797,-0.0025664484486154,1.4307759263152198,14.057361639684697,21.37844114469136,30.10789961216976
2024-07-10,0.6161177542660656,0.2829886496098499,0.9437147434856684,14.760089294794266,21.52531538219961,30.909517481383
2024-07-11,0.2335475282504662,0.71146536245279,1.249171299609042,15.028108646760272,20.98371207824843,31.21525342370537
2024-07-12,0.3192705303373566,1.043768731476025,1.2284207248576262,15.39535949927382,20.76121457067448,31.63418505919476
2024-07-15,0.1279001286454528,1.0697493385547483,1.8281946814554528,15.542950312524262,21.39152477639108,31.80254535122686
2024-07-16,0.6467402105137854,1.957656534243157,2.486758562100677,16.290213032609337,21.481395510763846,32.65496541049391
2024-07-17,-0.9763419689152286,0.3439641644254809,1.454753328941294,15.154822877031028,19.825281963462803,31.35979930934128
2024-07-18,-0.6987163580753686,-0.5893266978469591,0.4135040758102226,14.350217292476495,19.176632501201297,30.44196690363192
2024-07-19,0.1595157690896353,-0.7476345513122262,0.652626517360777,14.532623921046284,19.91296267088731,30.65004241035392
2024-07-22,0.9448725248325074,0.0621941050729324,1.7311407396580103,15.614811216446013,20.930690474782025,31.884518764771386
2024-07-23,0.3247171727879916,-0.2579586553625002,2.0614792237128032,15.99023236275221,21.220171916895204,32.3127704454494
2024-07-24,-1.0962299587537916,-0.3787163922201908,0.5232871619483603,14.7187126863636,19.97571210351896,30.86231821656924
2024-07-25,0.1522375061612013,0.4749796843777076,0.6224182187820171,14.893357593657552,20.157464329121733,31.061539746326883
2024-07-26,0.9989819657310052,1.3170898763610328,2.094703048972968,16.041121515841027,22.246090511076687,32.37082089240209
2024-07-29,0.0297340871067586,0.3985770185478188,2.213053922057262,16.075625283992203,21.43291378941572,32.41018014759016
2024-07-30,-0.0386647319595256,0.0349275891843081,2.173533518730641,16.030744954605815,20.92961475515804,32.35898410634896
2024-07-31,1.3789324953572324,2.5383983544059685,3.691383773855717,17.630730601389956,23.03347369502362,34.184125148716134
2024-08-01,-1.598253906979996,0.7462008927606512,1.4820266819237429,15.750692853744107,21.76040421018484,32.03952212597984
2024-08-02,-1.0214580715636634,-1.2691823707868144,0.1154357632257907,14.568348058698666,20.413006549993582,30.690793769569936
2024-08-05,-0.8590436325976114,-2.146419042041248,-0.5421774657506817,13.58415595972815,18.96791060056482,29.56810282730118
2024-08-06,0.1452801867559694,-1.966352729930998,-0.3976849554295114,13.74917123363164,18.755730077831867,29.75633960906483
2024-08-07,-0.5122182082824556,-3.795099555842263,-1.0089969709673463,13.166527266802586,18.5125875242478,29.09170401118637
2024-08-08,1.0060843367614147,-1.2489038691802734,0.2171857465794957,14.305077972090729,19.57852852380981,30.39047542530133
2024-08-09,0.2421288377350228,0.0117794053825948,-0.1553203444097373,14.581843528856652,20.001385703687525,30.70618836796579
2024-08-12,-0.0114584253103955,0.8668095350530702,-0.7163591750692477,14.56871425389663,19.937262965219382,30.691211496995564
2024-08-13,0.7704792642866831,1.4965130633389778,0.0486006903157143,15.451442440582763,20.874345876949075,31.698160181824985
2024-08-14,0.0168052943552599,2.0362179384430856,-0.0624061589278635,15.470844395322292,22.046119221191105,31.72029244530399
2024-08-15,1.0362247476411346,2.066665743181484,0.3243341110241937,16.667381861256803,23.698493491834284,33.085210713287495
2024-08-16,0.1227300802766562,1.9450937733026088,1.4378424752637953,16.810567832671786,24.21705591118526,33.24854629923226
2024-08-19,0.2083220914310901,2.1691749033590835,2.201369394352737,17.053910050593334,24.307858079343347,33.52613245768434
2024-08-20,-0.46455577522162,0.9169975605048508,1.7265870304757014,16.510129351330583,23.738905731855663,32.9058290979221
2024-08-21,0.3477314261476127,1.2509021632014727,1.1248216864271354,16.915271685730392,24.33152233022609,33.367984432877606
2024-08-22,-0.5976921677625757,-0.3864864284402802,0.1950559944449814,16.21647826394643,22.293450229822987,32.57085443561949
2024-08-23,0.8946787882909257,0.3815362077850048,2.211958012505444,17.2562424434727,24.41189151178531,33.75693774971103
2024-08-26,-0.3876903298983047,-0.2155064449936294,0.6553968149751066,16.801651330317235,22.897695853325377,33.2383750364873
2024-08-27,0.0414322719504589,0.2917476434890043,0.6971006327163076,16.85004490813906,22.23685908271173,33.2935787223748
2024-08-28,-0.5047376648428137,-0.5602458568365054,0.1590630553641281,16.26025872010195,20.26892532951465,32.620795825746065
2024-08-29,0.395849464963649,0.4336700576313523,0.5944367399130845,16.72047433221082,20.53638782394527,33.14577453645282
2024-08-30,0.5748976983468213,0.115350113865964,-0.2033762329968214,17.391497652646205,21.404690239906145,33.91122652970893
2024-09-03,-1.4438758631859838,-0.987192393840164,0.9847066079109456,15.696510152607113,19.195109895077668,31.97771465175017
2024-09-04,0.1431631473829631,-0.3424332669915819,2.00555168894625,15.862144917953836,19.653736906615823,32.16665810188972
2024-09-05,-0.3794409148689337,-1.1120223802605356,1.4710835107728748,15.422516535290388,19.40464696906244,31.665163725236223
2024-09-06,-0.7212241262975927,-2.3864046458265897,1.257911032914638,14.59006149885804,18.860387227028184,30.71556279852059
2024-09-09,0.9182655127185856,-1.4900526639645473,0.9255035118032052,15.642302514605078,19.74760988519739,31.91587873145543
2024-09-10,0.2039226549742423,0.1569738061411918,1.131313478110596,15.878123368166186,19.846042023082777,32.18488509369719
2024-09-11,0.8072982489147229,0.8212004979819554,1.9594277457990028,16.813605428992638,21.20928361987453,33.25201135638856
2024-09-12,0.5860979130893673,1.7983761397988296,1.77287095662495,17.498247532616418,21.977348772441864,34.03299861409794
2024-09-13,0.5693894142114742,3.1217442161235898,2.335157185997039,18.16727011595112,21.757284159232903,34.79616831975682
2024-09-16,0.5254947656591513,2.720397598560753,1.6930532392359643,18.788232935132765,23.2110582176829,35.504515128586256
2024-09-17,0.0128393233824519,2.524515488604351,1.706109939198841,18.803484540499603,23.06008963809285,35.52191299148144
2024-09-18,-0.2233050514613865,1.4763562197078084,1.2680313771437968,18.53819035820852,23.70470934493729,35.219285713934354
2024-09-19,0.9192883156022846,1.812495593596264,2.6759636760558925,19.627898091697915,25.480195565504022,36.46234080794342
2024-09-20,0.8313254991435759,2.077669387016812,3.1707779261362035,20.62239531262371,27.90661345081404,37.596787043808064
2024-09-23,0.3434016225911884,1.892764615356013,3.224026331634633,21.03661457533561,28.17592655928096,38.06929664314984
2024-09-24,0.0088330788254653,1.8886830660629568,3.233144191247339,21.047305834908748,28.079151040674045,38.08149241295611
2024-09-25,-0.5067555290492631,1.5992327501272552,3.109751059285859,20.433891919825165,28.62524100070296,37.38175681555973
2024-09-26,0.6201614679470557,1.2980905331737125,3.706230157743162,21.180776511860945,29.105517930974933,38.233745535318576
2024-09-27,0.0418517765921278,0.5049622050009361,4.275953068008942,21.23149281971928,28.66069624039212,38.29159881367495
2024-09-30,0.4356689377320144,0.5973780776047599,3.721021719104845,21.75966077668363,29.37454166707052,38.89409235319909
2024-10-01,0.2936887383917064,0.8839100928352828,4.025638679238663,22.117255188288688,30.246986478610616,39.302008660731815
2024-10-02,-0.2438985460821663,1.1504411561042982,3.7719216589473294,21.819412978369,30.80510551594282,38.962253086945054
2024-10-03,-0.1678207773807893,0.3583061547757671,5.115508265628987,21.614974692507992,29.81787176390418,38.72904555354868
2024-10-04,0.6009573039893024,0.919180255913532,5.596032985842658,22.34582876566736,30.21953683368901,39.56274788555738
2024-10-07,-0.3850229944856065,0.0945373982710551,6.357189792886286,21.87476919212557,29.09470080993435,39.02539921446202
2024-10-08,0.5201099944384113,0.3205090537781618,6.910364166802907,22.50865204739254,29.57899630588457,39.74848421058432
2024-10-09,0.1995921059617211,0.7665089207054887,6.149018980745491,22.75316964599925,29.26679843258464,40.027411153269824
2024-10-10,0.2583263600275165,1.196644370593147,6.206650456313634,23.07027344096415,29.136872173241592,40.389138867542805
2024-10-11,0.754895092447927,1.3514936687640366,6.151440527882324,23.99932489543224,30.9707175368208,41.44892958718378
2024-10-14,0.4932441850260094,2.245071052000558,5.453011000995911,24.610944354950483,31.414744389104964,42.14661820715413
2024-10-15,-0.1477653059672401,1.5657347724478576,5.297188036638612,24.42681261175572,30.921974533008445,41.93657482183824
2024-10-16,0.5678293853503602,1.938992677651341,5.341532174615526,25.133344617020104,31.81989329569257,42.74253240223644
2024-10-17,-0.2563659051295408,1.4156724412783597,5.057983667916544,24.81254538547382,32.76144111740393,42.37658921703862
2024-10-18,0.7772729572451897,1.4381970660535035,6.111523356231419,25.782679548004484,34.55277042824709,43.483243942470736
2024-10-21,-0.4324656709218555,0.5037826230215092,3.827081458965931,25.23871263899373,34.77974246489226,42.86272816889449
2024-10-22,-0.0643098578741785,0.5877826280244358,3.760310410444778,25.15817180089215,34.619381488626686,42.77085335145392
2024-10-23,-0.5853566092471896,-0.5656321653862206,2.7999259619061023,24.42555017024266,33.38199152419274,41.935134725282566
2024-10-24,0.4370385750549044,0.1256223368835574,3.24008201566357,24.969337821710912,34.872885733635385,42.55544601558818
2024-10-25,-0.0855721772238915,-0.7316434288384577,3.677126802144315,24.862398838474583,34.7880611718262,42.43345821668141
2024-10-28,0.5254174045592697,0.2233614262187266,3.53617256893628,25.518447613722152,36.12760859129581,43.1818283960675
2024-10-29,-0.1534419597264746,0.1339727519030997,3.377304636720724,25.3258496478854,35.013704530271504,42.96212739260439
2024-10-30,-0.1297196852554805,0.5929065042721282,2.7953564848848256,25.163277350178404,34.86752193166711,42.776677370916175
2024-10-31,-0.7705463893113995,-0.6165525074617539,1.7045756918746546,24.19883623581281,31.83853480491989,41.676516838655786
2024-11-01,0.1407204403199635,-0.3914624882954576,2.096707203079884,24.373609385036097,30.130287995831484,41.87588465698112
2024-11-04,-0.7944963961560858,-1.699337518564248,0.8497525297953779,23.38546554070276,28.5828382459824,40.74868586636684
2024-11-05,0.9761205029333642,-0.5872637468390618,1.8341676413962784,24.58985636748534,30.525410930072727,42.12256264671774
2024-11-06,1.1508061182817777,0.687395476818109,3.404211464519724,26.02364405732085,31.862103511518217,43.75811779311503
2024-11-07,1.0928712677741537,2.57819164418962,3.993406281656053,27.40092025382525,32.768277599087625,45.32920895756889
2024-11-08,-0.1875431896327661,2.241937926470694,3.591613048424591,27.161988504359737,33.07127770075622,45.056653923621816
2024-11-11,0.1375199952829753,3.202481027189097,2.691576564900622,27.33686166495268,32.1859401356706,45.25613582725521
2024-11-12,-0.3911615183296191,1.8050526435732683,2.289886634812732,26.83876886347076,31.53182170331066,44.68794972088639
2024-11-13,-0.0098261327331372,0.6369133874586597,1.7778223046157835,26.826305517685167,29.48185365010316,44.67373249089797
2024-11-14,0.0908379816349835,-0.3606004408055474,2.021026906708956,26.941511973799635,30.490636840336727,44.80515118944868
2024-11-15,-0.2249919936958,-0.3979843152265516,1.2167493187543288,26.655903735182207,29.948470070324618,44.47935119281332
2024-11-18,0.5474667478095219,0.0097701695758845,1.245499897040725,27.34930269226996,29.86645585956711,45.2703275980449
2024-11-19,-0.0366191868838794,0.3657395556640352,1.2084246182219038,27.302668413121765,29.49602547269299,45.21713078529497
2024-11-20,-0.4564738077835972,-0.082585739647123,1.184020823087617,26.721565075206264,28.87793396655669,44.55425261884525
2024-11-21,1.0282997167194718,0.8532516898971609,2.290278555334835,28.024642569897097,29.8938223848517,46.040703589030784
2024-11-22,0.2672945477220079,1.3508582494679011,3.167593218267273,28.366845459227008,30.35443714837658,46.431062427179135
2024-11-25,0.3661385335649747,1.1680811916965572,3.183061628859085,28.83684594477507,30.74033842359163,46.96720297183363
2024-11-26,1.2083598725809663,2.428064012859532,4.429884340882695,30.393658692270662,32.656666773567025,48.74309567839988
2024-11-27,-0.4953171869161887,2.388095043741578,3.369503811433772,29.74779649011903,32.08049158555366,48.00634556115357
2024-11-28,-0.046126922041656,1.2992071072380096,3.480605309719876,29.687947825181272,31.921635860544527,47.93807478951988
2024-11-29,0.477189294917868,1.5112620107120112,4.109454136801549,30.3068048290017,32.29466589282839,48.64401944552308
2024-12-02,-0.1549719033611118,0.9842059849226814,4.608096956139796,30.10486589334916,31.12583045294929,48.41366297935588
2024-12-03,0.1013472297195505,-0.120354872454842,4.714114364467181,30.236723570662384,32.11666956083037,48.56407611531075
2024-12-04,0.6558480712737902,1.0351483081055823,6.2449925003898565,31.09087861029076,32.47434200983204,49.538430743118745
2024-12-05,0.0397096473294222,1.1219134353548377,5.259720301028303,31.142934335867945,32.46503481029417,49.59781192658881
2024-12-06,0.0780383660049288,0.7202013058215995,4.143374936260957,31.24527613895458,32.400225177240216,49.714555614595454
2024-12-09,-0.2195844031959715,0.6550224570166296,2.9844559076961152,30.95708198262197,31.84986380562971,49.38580580115164
2024-12-10,-0.176999448351045,0.3751362026614746,2.8021739888521635,30.72528866993609,31.3942262975617,49.12139374896884
2024-12-11,0.3917278531699431,0.111752570472734,3.0631463040948548,31.23737603679304,31.680650881366333,49.70554378331877
2024-12-12,-0.5273467755154138,-0.4557122142359371,2.922238315408854,30.54529996599198,29.260933452012395,48.91607642540963
2024-12-13,-0.2068351977361437,-0.7390664493368448,2.7194522499955465,30.27528633667209,28.37195020853045,48.60806556427421
2024-12-16,-0.0804321925366946,-0.6006387002333247,2.774919469766157,30.17050306753804,28.990386004437084,48.48853683885452
2024-12-17,-0.2479871670738598,-0.6713251538780995,2.5200508585106363,29.847696924615065,28.63691712826646,48.12030432291841
2024-12-18,-1.6012122553729746,-2.643161920337378,0.3292181323377274,27.76855968813856,25.606410804463152,45.7485838574041
2024-12-19,0.4157345477086016,-1.7201402384498854,0.7832273519313926,28.299737731871865,27.507806585275585,46.35451107329538
2024-12-20,0.4250157616725536,-1.0978709296857736,1.6756948692595142,28.845031839416848,27.31180694507411,46.97654081327569
2024-12-23,0.3062016415425805,-0.7151740245636362,0.6798577776107928,29.23955744195519,28.173529735482795,47.42658539392841
2024-12-24,0.6810414532058218,0.2095035059555439,1.3655293441049876,30.11973240207466,29.04644460501853,48.43062155350697
2024-12-26,0.0485452456437274,1.4677829021473965,-0.1616331258622261,30.18289934580023,29.57988681022244,48.50267756335063
2024-12-27,-0.4194399487166378,0.6145587523439744,-0.0855014370753526,29.63686025954637,28.930260094827577,47.87979800873608
2024-12-30,-0.7842919358232892,-0.4792871745612159,-1.294388280442338,28.62012881867624,27.97133096913977,46.71998867824178
2024-12-31,-0.4594815310580147,-1.6066658622408525,-1.7479223364115448,28.02914308153139,27.38332633828744,46.04583742789485
2025-01-02,0.8165781555235174,-0.8513393500456434,-0.8923155022344642,0.0,29.071219021059424,47.23841583338244
2025-01-03,1.6341010910629228,1.1932951004836934,0.0708912413577955,1.6341010910629228,30.93308535733541,49.644440392979504
2025-01-06,1.0770945664954068,3.091783125216163,1.029757533320952,2.7287964716212088,32.13117987720313,51.25625252951473
2025-01-07,-1.347107436659023,2.1724897684602062,-0.3312218436489877,1.344929214761681,29.578314470644628,49.2186683032779
2025-01-08,-0.3628411930620023,1.8017658876031684,-0.4743183533512995,0.9772080644909976,29.36285250433253,48.67724150693504
2025-01-09,0.103964139830337,1.082188150279939,-0.1941916042342728,1.082188150279939,28.834044741299248,48.83181252219122
2025-01-10,0.7353709166317168,0.1883384323905446,0.1474458442073167,1.8255171638320573,29.7426853255095,49.92627838617525
2025-01-13,-0.7258656450823353,-1.598768613299728,0.1547355274911455,1.0864007168123635,28.547220481038483,48.83801503841949
2025-01-14,0.3621430647457568,0.1061216308314794,0.5174389562184079,1.452478106409405,28.74587776628565,49.37702158758637
2025-01-15,1.907094814207544,2.3867415597701447,2.516858378840503,3.387273055261786,31.64190406469618,52.22578301990091
2025-01-16,0.6034669188428099,2.897635033196422,3.39191237988814,4.011181046443979,32.97861588155546,53.14441526237545
2025-01-17,0.7819394180705652,2.9452031179862725,5.895994133904581,4.824485470246875,33.36071244952539,54.34191181188564
2025-01-20,0.4905209667717125,4.20657061961196,5.526358418574184,5.338671549788998,33.26114638247921,55.09899124983926
2025-01-21,-0.0944523555348908,3.732485058511759,5.426686287337645,5.23917669322107,33.136372447026744,54.952496599192926
2025-01-22,0.4347065093188051,2.233722895625489,5.5617511403549535,5.696658244660013,33.34766296312574,55.6260851882616
2025-01-23,0.3527629677563926,1.978956344837668,5.2175587155889325,6.069516913103201,33.98555423971812,56.17507638497479
2025-01-24,-0.3873619164788233,0.7957668722148536,4.809985963676011,5.658643999588775,31.97943719227738,55.57011361602768
2025-01-27,-2.113058625200704,-1.815721246873348,2.977437055353227,3.4260149092853576,29.53611083328831,52.282825912029686
2025-01-28,-0.1163378577054397,-1.837229684557029,2.8576353111630537,3.305691299229796,28.88594781959341,52.10566333471034
2025-01-29,0.4460044921181794,-1.826187273730051,4.133092431601848,3.766439323038085,29.48310810058788,52.78406142594929
2025-01-30,1.0835007419412568,-1.1113159411102802,5.747264410268893,4.890749462989219,31.49989889813869,54.43947786506742
2025-01-31,-0.0135361677319645,-0.7402070429611163,5.732950283186367,4.8765512752065865,30.169587654280217,54.41857267829924
2025-02-03,0.8939597739848981,2.3089843969709367,4.112797102560517,5.814105455949581,31.75449498168284,55.79901260160487
2025-02-04,-1.0089839974377846,1.394663495803039,3.0623156405108043,4.7464580648671095,30.82967844402289,54.2270254962886
2025-02-05,0.2619131038211097,1.2088334624111186,2.231123474068397,5.020802764327503,30.05932808840768,54.6309662856969
2025-02-06,0.2065939322075216,0.3308393821015221,3.84117901684371,5.2377693703942185,30.28151668645633,54.95042447935701
2025-02-07,-0.5562246068559373,-0.2137181963284051,3.6396361192830176,4.652411001449797,29.94071839874186,54.08855208997512
2025-02-10,1.147216643462845,0.0367582583875591,3.955279409906165,5.853000878243586,31.399870559535525,55.85628160522225
2025-02-11,-0.6950163433354084,0.3540426704758292,3.232773228247332,5.1173052222288185,30.59835253088672,54.77305497595109
2025-02-12,-0.7254899534640535,-0.6342677005934716,3.233163900882108,4.354689733489381,31.225996099906773,53.65019201143115
2025-02-13,0.6178875608874979,-0.2264253520997683,3.496224380468682,4.999484380555352,30.065729837606625,54.59957743514954
2025-02-14,-0.6829908650471062,-0.3536120229041484,0.8657491509127979,4.2823474938896045,28.454113792416337,53.54367644386604
2025-02-18,0.3062388007480265,-0.4905041247889374,-0.2125314185904669,4.601700504246797,29.646868773670377,54.01388675723218
2025-02-19,-0.1877572015815287,0.0485014571105502,-0.8860642131551133,4.405303278573336,29.578591101533423,53.72471459340986
2025-02-20,-0.203813847729839,-0.7685500291633285,-0.9945591683455546,4.192510812727246,29.22966767123785,53.41140233768531
2025-02-21,-1.839763777224357,-1.924326409887411,-3.2366619354483928,2.275614740214116,26.03290179719966,50.58899492734466
2025-02-24,-0.3059939505671405,-2.224432038051128,-3.4980445645312663,1.9626575462037057,25.12277645775085,50.12820171264711
2025-02-25,0.0450128579654762,-2.479067395007306,-3.454606276397187,2.008553852422823,25.23093140013948,50.19577870685017
2025-02-26,0.6554066591205165,-1.6552593757790943,-0.7240830101576168,2.677124707244149,25.05940133872297,51.18017184221279
2025-02-27,-1.3474289049538624,-2.782241583346068,-1.947683446828241,1.2936234501632171,22.502415303228297,49.143126508251896
2025-02-28,1.487049964676146,0.5126300174441933,-0.9314467061273256,2.7999102418980293,23.94254850628794,51.36095931830973
2025-03-03,-1.7382582114623624,-0.9313950894532796,-3.683920635725224,1.0129823607423205,21.02287469274591,48.729915014011006
2025-03-04,-0.7317565507859114,-1.700583472400885,-4.388719855933465,0.2738132451733488,20.379314319489698,47.64157411791765
2025-03-05,1.1608530652878812,-1.2069677943033708,-4.135800758491914,1.4378448799109875,22.133256229002285,49.35547585670479
2025-03-06,-1.954746030784793,-1.8151496156720404,-5.051689125548231,-0.5450073665927091,19.0473366890378,46.43595562063609
2025-03-07,0.0094043109530428,-3.2447154320234928,-5.29081565546935,-0.5356543098271271,18.76342632481911,46.44972691324973
2025-03-10,-1.3100985836069223,-2.8231199475589164,-6.202576924164549,-1.8387352939079784,17.98857990864422,44.53109111526303
2025-03-11,0.3567766469920741,-1.75751974836037,-5.867929623149615,-1.4885188250445711,18.40023186461972,45.04674429600514
2025-03-12,0.4924076999370586,-2.4066812432955165,-6.477323767653187,-1.003440706417036,18.71345992732716,45.760965633426686
2025-03-13,-1.171481148321396,-1.6270267852716236,-6.926045091115407,-2.163166736028166,17.06158982793726,44.05340339941988
2025-03-14,2.2252739804437205,0.5525851136891857,-4.159581985907879,0.0139708578851038,20.42282292548416,47.25898630321079
2025-03-17,0.2941847699457378,2.18714788190959,-3.8109525355242817,0.3081967279669806,20.23463216505439,47.69219981329134
2025-03-18,-0.846152147972401,0.9622793003405404,-4.624858226759143,-0.5405632332390997,19.241837526273287,46.44249909218348
2025-03-19,1.004221168720698,1.4764858515389443,-3.667080863374883,0.4582294850630886,19.97928671399885,47.913105668070784
2025-03-20,-0.0460963629912991,2.6327633204074496,-4.006482102788356,0.4120456507944237,18.894128039157888,47.80516858627266
2025-03-21,-0.24164054088825493,0.1618623670519792,-4.052942576697783,0.17538935857841498,18.86004611938439,47.445492312016555
